Gender(0male/1female),Age(Y),Weight(kg),Height(cm),AlcoholHistory(0no/1yes),SmokingHistory(0no/1yes),BetelNutHistory(0no/1yes),ASAGrade,Surgery Site,HPV(0/1),Diabetes(0no/1yes),RespiratoryDisease(0no/1yes),CardiovascularDisease(0no/1yes),MedControlledHypertension(0no/1yes),TD,TI,CE,PI,REC,PID,split
1,58,62,155,0,0,0,3,Buccal Mucosa,0,0,0,0,0,1,0,0,0,0,72,test
0,57,70,/,0,0,0,2,Buccal Mucosa,/,0,0,0,0,1,0,0,0,0,252,train
0,56,55,162,0,0,0,2,Tongue,0,0,0,0,0,0,0,0,0,1,265,train
0,35,94,178,0,1,0,2,Gingiva & Jaw,/,0,0,0,0,0,0,0,0,0,1198,valid
1,65,47,153,0,0,0,2,Tongue,0,0,0,0,0,0,0,0,0,0,1598,train
0,62,77,173,0,0,0,3,Tongue,0,0,0,0,1,1,1,1,1,1,1932,test
1,55,60,150,0,0,0,3,Tongue,0,0,0,0,0,2,0,0,0,0,2472,train
1,58,55,161,0,0,0,3,Tongue,0,0,0,0,0,0,1,0,0,0,3389,train
1,66,52.5,157,0,0,0,2,Tongue,/,0,0,0,0,2,0,0,0,0,3557,train
1,42,48.5,158,0,0,0,2,Tongue,0,0,0,0,0,1,0,1,0,1,3922,train
1,61,47,150,0,0,0,2,Gingiva & Jaw,0,0,0,0,0,2,1,0,0,1,6735,train
0,62,67,163,1,1,0,3,Gingiva & Jaw,0,0,1,1,1,2,1,0,1,0,7533,train
1,78,80,164,0,0,0,3,Other,/,1,0,0,1,2,0,0,0,1,8154,train
0,53,61,168,1,1,0,2,Floor of Mouth,0,0,0,0,0,1,0,0,0,0,8232,train
1,73,84,160,0,0,0,3,Buccal Mucosa,0,1,0,0,0,1,1,0,0,0,8836,train
0,64,65,164,1,1,0,2,Gingiva & Jaw,0,0,0,0,0,0,1,0,0,0,9329,train
0,76,61,155,0,0,0,3,Tongue,0,0,0,0,0,1,0,0,0,0,10176,train
1,63,46,150,0,0,0,3,Tongue,0,0,0,0,0,1,1,0,1,0,10448,train
0,28,90,175,0,1,0,2,Tongue,/,0,0,0,0,1,0,0,0,1,10601,train
0,66,80,175,0,1,1,2,Tongue,0,0,0,1,1,1,1,0,1,0,13040,test
0,55,75,166,1,0,0,0,Tongue,0,0,0,0,0,2,0,1,0,0,13845,train
1,67,50,158,0,0,0,2,Gingiva & Jaw,0,0,1,1,0,2,1,0,0,0,14723,train
0,60,85,167,0,1,0,3,Oropharynx & Palate,0,0,0,0,1,1,0,0,0,0,15444,valid
0,57,61.5,173,1,1,0,1,Tongue,0,0,0,0,0,1,0,0,0,0,16027,train
1,67,48,161,0,0,0,3,Tongue,0,0,0,0,0,1,0,0,0,0,16996,train
1,50,50,153,0,0,0,3,Tongue,0,0,0,1,0,2,0,1,0,0,19476,valid
1,60,56,160,0,0,0,3,Gingiva & Jaw,/,1,0,0,0,0,1,0,0,0,21210,train
0,55,46,163,1,1,0,2,Tongue,0,0,0,0,0,1,0,0,0,0,21476,valid
0,55,71,163,0,0,0,2,Tongue,/,0,0,0,0,2,0,0,0,1,21547,train
0,77,46,165,1,1,0,2,Gingiva & Jaw,0,0,0,0,0,1,1,1,1,1,22669,train
0,60,55,180,1,1,0,2,Tongue,0,0,1,0,0,2,1,1,1,0,22687,train
1,58,48,159,0,0,0,2,Tongue,0,0,0,0,0,2,1,0,1,0,22906,test
0,62,43,153,1,1,0,3,Tongue,0,0,0,0,0,1,1,0,1,0,23889,valid
0,32,85,173,1,1,0,3,Tongue,0,0,0,0,1,1,1,0,0,0,25847,train
0,38,64,173,0,0,0,0,Gingiva & Jaw,0,0,0,0,0,1,1,1,1,1,26787,train
0,66,61,160,0,0,0,2,Gingiva & Jaw,0,1,0,0,0,1,1,0,0,0,27950,train
0,76,64.5,165,1,1,0,3,Gingiva & Jaw,0,0,0,0,0,1,1,0,0,0,27993,train
0,48,71,170,0,0,0,2,Tongue,0,0,0,0,0,1,0,1,0,0,28960,train
0,69,77.5,178,0,1,0,3,Gingiva & Jaw,0,0,0,0,1,1,1,0,0,0,29293,test
1,69,55,150,0,0,0,2,Tongue,0,0,0,0,1,0,1,0,0,0,30804,train
0,49,40,160,0,0,0,2,Gingiva & Jaw,0,0,1,0,0,0,1,0,0,0,31598,valid
0,47,57.5,170,0,1,0,2,Gingiva & Jaw,0,0,0,0,0,0,1,0,0,0,32192,train
1,65,55,155,0,0,0,3,Tongue,/,0,0,0,0,0,0,0,0,0,33077,test
1,63,33.5,147,0,0,0,0,Gingiva & Jaw,/,0,0,0,0,1,1,0,0,0,34042,test
0,52,80,172,1,1,0,2,Tongue,/,0,0,0,1,1,0,0,0,0,34574,train
0,56,70,170,1,1,0,2,Tongue,0,0,0,0,0,1,1,0,1,1,34895,train
1,54,67,163,0,0,0,3,Buccal Mucosa,0,0,0,0,0,0,0,0,0,0,35251,test
0,79,47,157,0,0,0,3,Oropharynx & Palate,0,0,0,0,0,1,0,0,0,0,36888,train
0,42,61,160,1,1,0,3,Tongue,0,0,0,0,0,1,1,0,0,1,37173,train
0,55,46,160,0,0,0,3,Gingiva & Jaw,0,0,0,0,0,1,1,0,0,0,37191,train
0,49,65,163,0,0,0,2,Tongue,/,0,0,0,0,1,0,0,0,0,37397,train
0,51,65,170,1,1,1,3,Buccal Mucosa,0,0,0,0,0,0,0,0,0,0,37679,train
0,40,60,171,1,1,0,3,Buccal Mucosa,0,0,0,0,0,1,1,1,0,0,38159,train
1,72,55,155,0,0,0,3,Buccal Mucosa,0,1,0,0,1,0,0,0,0,0,39661,train
0,70,54,161,0,1,0,3,Buccal Mucosa,0,0,0,0,0,2,1,0,0,1,40039,train
0,59,74,165,1,1,0,2,Tongue,0,1,0,0,1,0,0,0,0,0,40518,train
0,61,54,161,1,1,0,3,Gingiva & Jaw,0,0,0,0,0,0,1,0,0,0,40800,test
0,63,65,165,0,1,1,0,Tongue,0,0,0,0,0,1,0,0,0,0,41291,train
0,70,64,166,0,0,0,3,Gingiva & Jaw,0,0,0,0,0,0,1,0,0,0,41330,train
0,64,67,174,0,0,0,3,Tongue,0,0,0,1,0,2,1,0,0,0,41922,valid
1,58,60,153,0,0,0,2,Tongue,0,0,0,0,0,2,0,0,0,0,42450,train
1,46,53,156,0,0,0,3,Tongue,0,0,0,0,0,1,0,0,0,1,42516,train
1,83,54,152,0,0,0,2,Gingiva & Jaw,0,0,0,0,0,1,0,0,0,0,42605,train
0,43,85,185,0,0,0,2,Tongue,0,0,0,0,0,0,0,0,0,0,42638,test
1,67,42.5,156,0,0,0,3,Gingiva & Jaw,0,0,0,0,0,1,0,0,0,1,43178,test
0,72,53,160,0,0,0,3,Gingiva & Jaw,/,1,0,0,1,0,0,0,0,0,43204,valid
0,70,62.5,166,0,0,0,1,Gingiva & Jaw,0,0,0,1,1,0,0,0,0,0,44044,train
0,60,45,160,1,1,0,2,Tongue,0,0,0,0,0,1,0,0,0,0,44146,train
1,50,55,165,1,0,0,2,Tongue,0,0,0,0,0,0,0,0,0,0,44352,train
0,48,71,165,0,0,0,2,Tongue,0,0,0,0,0,1,1,0,0,0,46809,train
0,27,38.5,163,0,0,0,3,Tongue,0,0,0,0,0,1,1,0,1,0,47431,train
1,63,52,/,0,0,0,2,Tongue,0,0,0,0,0,0,0,0,0,0,47916,valid
0,68,51.5,165,1,1,0,3,Floor of Mouth,0,0,0,0,1,1,1,0,0,0,48502,valid
1,92,63,162,0,0,0,3,Buccal Mucosa,0,0,0,0,0,0,0,0,0,0,49052,train
1,64,55,156,0,0,0,2,Gingiva & Jaw,/,0,0,0,0,1,1,0,0,0,49317,valid
0,74,52,164,1,1,0,4,Oropharynx & Palate,/,0,0,0,0,0,0,0,0,0,50600,train
0,68,59,164,1,1,0,2,Tongue,/,0,0,0,0,1,0,0,0,1,52212,train
0,59,54,167,0,0,0,2,Gingiva & Jaw,0,0,0,0,0,0,0,0,0,0,52278,train
0,49,50,171,1,1,0,2,Oropharynx & Palate,0,0,0,0,0,2,1,1,0,1,54951,train
1,80,51,158,0,0,0,3,Gingiva & Jaw,/,0,0,0,0,0,1,0,0,0,58224,train
0,62,60,162,0,1,0,2,Gingiva & Jaw,0,0,0,0,0,2,1,1,0,1,59758,train
1,63,53,162,1,1,0,3,Tongue,0,0,1,0,0,2,1,0,0,0,60667,test
1,66,55,158,0,0,0,3,Tongue,/,0,0,0,1,0,0,0,0,0,60870,train
0,51,61,160,0,0,0,2,Tongue,0,0,0,0,0,1,0,1,0,0,63083,train
0,62,46,165,1,1,0,3,Gingiva & Jaw,/,0,0,0,0,0,1,0,0,1,63147,train
0,52,68,168,1,1,0,3,Tongue,0,0,0,0,0,1,0,0,0,0,64007,train
0,63,49.5,155,0,0,0,3,Tongue,0,0,0,0,0,2,1,0,1,0,64052,train
0,30,67,/,0,1,0,2,Tongue,/,0,0,0,0,1,0,1,0,0,64126,valid
0,69,80,169,1,1,0,3,Tongue,0,0,0,1,1,0,0,0,0,0,65213,test
0,/,/,/,0,0,0,0,Other,0,0,0,0,0,1,0,0,0,0,65283,train
0,74,56,165,0,0,0,3,Tongue,0,0,0,0,0,1,0,0,0,0,65304,train
0,57,61,164,0,1,0,2,Gingiva & Jaw,0,0,0,0,0,1,1,0,0,0,65979,test
0,35,90,175,1,1,0,2,Tongue,/,0,0,0,0,0,0,0,0,0,66043,valid
0,62,79,172,0,0,0,2,Gingiva & Jaw,/,0,0,0,1,0,1,0,0,0,66959,train
0,65,73,174,0,1,0,2,Gingiva & Jaw,0,0,0,0,1,1,1,0,0,0,66989,train
0,57,60.5,170,1,1,0,3,Oropharynx & Palate,0,0,0,1,1,1,1,0,1,0,68808,train
1,60,54.5,156,0,0,0,2,Gingiva & Jaw,/,0,0,0,0,1,1,0,0,0,69032,train
0,33,80,178,1,1,0,2,Tongue,0,0,0,0,0,1,1,0,1,0,69577,train
0,91,52.5,155,0,0,0,2,Buccal Mucosa,0,0,0,0,1,1,0,0,0,0,69582,train
0,70,52,168,1,1,0,3,Gingiva & Jaw,0,0,0,1,1,1,1,0,1,1,69685,train
0,53,49,165,1,1,0,3,Buccal Mucosa,0,0,0,0,0,1,0,0,0,1,71400,train
1,64,45,152,0,0,0,2,Tongue,0,0,0,1,0,2,0,1,0,0,72441,valid
0,77,63,157,0,0,0,3,Tongue,0,1,0,0,0,1,1,1,0,0,73404,train
1,62,51,158,0,0,0,2,Gingiva & Jaw,0,0,0,0,0,1,1,0,0,0,73745,train
1,81,66,159,0,0,0,3,Tongue,/,1,0,1,1,0,0,0,0,1,73878,train
1,34,50,167,0,0,0,2,Tongue,0,0,0,0,0,1,1,0,0,0,73943,train
0,47,67,163,0,1,1,2,Tongue,0,0,0,0,0,2,1,0,1,0,74305,train
1,80,77,178,0,0,0,2,Buccal Mucosa,0,0,0,0,1,0,0,0,0,0,75467,train
0,51,58,168,1,0,1,3,Gingiva & Jaw,0,0,0,0,0,0,0,0,0,0,76767,test
0,57,63,159,0,1,0,2,Tongue,0,0,1,0,0,1,0,0,0,0,77324,train
0,73,75,168,0,1,0,2,Gingiva & Jaw,0,1,0,0,1,1,1,0,0,0,77591,train
0,51,58,168,0,0,0,3,Other,/,0,0,0,0,0,1,0,0,0,78999,train
0,55,55.5,170,1,1,0,3,Tongue,/,0,0,0,1,1,0,0,0,0,80067,train
1,70,45,150,0,0,0,2,Tongue,0,0,0,0,0,1,1,0,0,0,81706,test
1,60,68,160,0,0,0,2,Tongue,0,0,0,0,0,0,1,0,0,0,82353,test
1,74,30,137,0,0,0,3,Oropharynx & Palate,/,0,0,0,0,1,0,0,0,0,82914,test
0,48,84,172,0,1,0,2,Tongue,0,0,0,0,0,2,0,1,0,0,84146,valid
0,58,60,168,1,0,0,0,Tongue,0,0,0,0,0,1,1,0,1,0,84353,train
0,56,73,166,1,1,0,3,Gingiva & Jaw,0,0,0,0,0,1,1,0,1,0,84644,train
1,77,49,155,0,0,0,3,Gingiva & Jaw,0,1,0,1,1,1,1,0,1,0,84734,test
0,52,87,166,1,1,0,2,Floor of Mouth,/,0,0,0,0,0,0,0,0,0,85296,train
1,57,45,155,0,0,0,3,Gingiva & Jaw,0,0,0,0,1,1,0,0,0,1,85325,valid
1,63,58,160,1,0,0,2,Tongue,0,0,0,0,0,0,0,0,0,0,85584,test
1,76,57,158,0,0,0,3,Tongue,0,0,0,0,0,1,1,0,1,0,86374,test
0,77,65,172,0,1,0,3,Gingiva & Jaw,0,0,0,0,0,1,1,0,1,0,87521,valid
0,44,45,171,0,0,0,3,Tongue,0,0,0,0,0,1,1,0,1,0,87727,train
1,65,57,153,0,0,0,2,Tongue,0,0,0,0,0,2,1,0,1,0,88113,test
0,65,56.5,168,1,1,0,3,Tongue,0,1,1,1,0,2,1,0,0,0,88663,valid
1,74,46,154,0,0,0,1,Tongue,0,0,0,0,1,1,0,0,0,0,88754,valid
0,57,49,165,1,1,0,2,Gingiva & Jaw,0,0,1,0,0,2,1,1,1,1,88769,valid
0,66,41,168,0,0,0,3,Gingiva & Jaw,/,0,0,0,0,0,1,0,1,0,88782,train
0,58,68,166,0,0,0,0,Tongue,0,0,0,0,0,1,0,0,0,1,89400,test
0,48,69,165,0,0,0,2,Gingiva & Jaw,0,0,0,0,0,1,1,0,0,1,90701,train
1,51,46,156,0,0,0,2,Tongue,0,0,0,0,0,0,1,1,1,0,91144,test
0,55,65,165,0,0,0,3,Gingiva & Jaw,0,0,0,0,0,0,0,0,0,0,94187,valid
0,70,48,168,1,1,0,2,Gingiva & Jaw,0,0,0,0,1,1,0,1,0,0,95050,train
1,82,61.5,156,0,0,0,1,Buccal Mucosa,0,1,0,0,1,1,1,0,0,0,95479,train
0,59,64,170,0,1,0,1,Tongue,0,0,1,0,0,1,0,0,0,0,95646,train
0,39,50,175,0,0,0,2,Tongue,0,0,0,0,0,1,0,0,0,0,95978,valid
1,72,56,151,0,0,0,3,Tongue,0,1,0,1,1,1,0,0,0,0,96083,train
0,41,61.5,170,0,0,0,2,Gingiva & Jaw,0,0,0,0,0,2,1,1,0,1,97048,train
1,57,71,165,0,0,0,2,Gingiva & Jaw,0,0,0,0,0,1,1,0,0,0,97802,train
0,34,75,170,0,1,0,2,Tongue,0,0,0,0,0,1,1,0,0,0,98016,train
0,67,47.5,167,0,1,0,4,Oropharynx & Palate,0,0,1,0,0,1,0,1,0,0,98259,train
0,45,65,170,0,0,0,2,Gingiva & Jaw,0,0,0,0,0,1,0,0,0,0,99437,train
1,71,72,160,0,0,0,2,Tongue,/,0,0,0,1,0,0,0,0,0,102534,train
1,54,51.5,160,0,0,0,2,Gingiva & Jaw,0,0,0,0,0,1,1,0,0,0,102840,train
0,73,41,/,0,0,0,2,Gingiva & Jaw,0,0,0,0,0,0,1,0,1,0,103560,train
0,41,63,173,0,1,0,2,Gingiva & Jaw,0,0,0,0,0,1,0,0,0,0,104030,train
1,76,41.5,152,0,0,0,1,Gingiva & Jaw,0,0,0,0,0,1,0,0,0,0,105047,test
0,71,70,168,0,0,0,2,Gingiva & Jaw,0,0,0,0,1,1,0,0,0,0,105494,train
0,56,70,171,1,1,0,3,Floor of Mouth,0,0,0,0,1,1,1,0,1,0,105592,train
0,36,100,172,0,1,1,2,Tongue,/,0,0,0,0,0,0,0,0,0,105823,train
1,55,43,156,0,0,0,1,Buccal Mucosa,0,0,0,0,0,1,0,0,0,0,106410,train
0,67,55,172,0,0,0,2,Tongue,0,0,0,0,0,1,0,0,0,0,106430,train
1,75,49,157,0,0,0,3,Gingiva & Jaw,0,0,1,0,1,1,1,0,1,1,106988,valid
0,45,55,170,0,0,0,2,Tongue,0,0,0,0,0,0,1,0,1,0,107563,test
1,61,58,156,0,0,0,1,Tongue,0,0,0,0,0,0,1,0,1,0,109712,test
0,52,76,170,0,0,0,3,Tongue,0,0,0,0,0,0,0,0,0,0,109834,train
1,58,45,151,0,0,0,3,Tongue,0,0,0,0,0,1,1,0,1,0,109853,train
1,52,58.5,160,0,0,0,4,Tongue,0,0,0,0,0,0,0,0,0,0,110407,train
0,61,60,165,1,1,0,2,Tongue,0,1,0,0,1,1,0,0,0,1,110421,test
0,50,65,169,1,1,0,2,Tongue,0,0,0,0,0,1,0,0,0,1,110583,train
1,76,42,137,0,0,0,2,Tongue,0,0,0,0,0,1,1,0,0,0,113891,train
0,36,63,183,0,0,0,2,Tongue,0,0,0,0,0,0,0,0,0,0,113929,train
1,53,70,164,0,0,0,2,Gingiva & Jaw,0,0,0,0,0,0,1,0,0,0,114355,train
0,68,71.5,166,1,1,0,2,Buccal Mucosa,0,0,0,0,1,0,1,0,0,0,116388,valid
0,58,70,163,0,1,0,3,Tongue,0,0,0,0,1,0,1,0,0,0,117606,train
0,71,60,160,0,1,0,3,Gingiva & Jaw,/,0,0,1,1,0,1,0,0,1,117850,train
0,76,57,169,1,0,0,2,Oropharynx & Palate,0,0,0,0,1,1,1,1,0,0,118955,valid
1,74,62.5,156,0,0,0,2,Tongue,0,0,0,0,0,1,0,0,0,1,120017,train
0,54,80,177,1,1,0,2,Oropharynx & Palate,/,1,0,0,1,0,1,0,0,0,120477,train
0,53,52.5,162,0,1,0,3,Tongue,/,0,0,0,0,0,0,0,0,0,120599,valid
0,57,70,170,0,0,0,2,Tongue,0,0,0,0,0,0,0,0,0,0,120700,train
1,50,59,152,1,0,0,0,Tongue,0,0,0,0,0,1,0,0,0,0,120952,train
0,66,62,164,0,1,0,2,Tongue,/,0,0,0,0,1,0,0,0,0,121403,train
1,62,63,162,0,0,0,2,Tongue,/,0,0,0,0,1,0,0,0,0,121643,train
0,72,60,170,1,1,0,2,Oropharynx & Palate,/,0,0,0,0,2,1,1,1,0,121683,train
1,83,54,137,0,0,0,3,Gingiva & Jaw,/,0,0,1,0,0,1,0,0,1,121794,train
0,48,55,150,1,1,0,1,Tongue,0,0,0,0,0,1,0,0,0,0,122824,train
1,47,47,154,0,0,0,2,Tongue,0,0,0,0,0,1,0,0,0,0,122906,train
0,69,50,160,0,1,0,2,Tongue,0,0,0,0,0,1,0,0,0,1,123925,train
1,86,42.5,/,0,0,0,3,Other,/,0,0,0,0,1,1,0,1,0,124679,train
0,61,65,170,0,0,0,2,Tongue,0,0,0,0,0,1,0,0,0,0,124686,train
0,65,76,185,0,1,0,3,Gingiva & Jaw,0,0,1,1,1,1,1,1,0,0,125509,valid
1,43,51,160,0,0,0,2,Gingiva & Jaw,0,0,0,0,0,2,0,1,0,1,126372,valid
1,46,65,144,0,0,0,2,Tongue,0,1,0,0,1,1,0,0,0,1,126701,train
0,82,67,161,0,0,0,3,Gingiva & Jaw,0,0,1,1,1,1,1,0,1,0,127274,train
0,47,64.5,173,1,1,0,3,Tongue,0,0,0,0,0,1,1,0,0,1,127456,train
0,36,48.5,160,0,1,1,2,Gingiva & Jaw,/,0,0,0,0,0,0,0,0,0,129172,train
1,35,45,156,0,0,0,2,Tongue,0,0,0,0,0,2,1,0,1,1,129287,valid
0,45,65,168,0,0,0,2,Gingiva & Jaw,0,0,0,0,0,1,1,1,1,0,129913,valid
0,44,73,173,0,1,0,2,Tongue,0,0,0,0,1,1,1,0,0,0,130362,train
0,32,62,165,0,0,0,2,Tongue,/,0,0,0,0,0,0,0,0,0,130364,train
0,72,71.5,166,0,0,0,4,Gingiva & Jaw,0,0,0,1,1,1,0,0,0,0,130488,train
0,63,82,169,0,0,0,3,Gingiva & Jaw,0,0,0,0,1,0,0,0,0,0,130873,test
0,49,60,164,1,1,0,3,Tongue,0,0,0,0,1,0,1,0,1,0,131319,train
0,63,55,155,1,1,0,2,Tongue,0,0,0,0,0,1,1,0,0,0,133283,train
1,65,56,/,0,0,0,2,Tongue,/,0,0,0,0,0,0,0,0,0,133505,train
0,55,61,165,0,1,0,3,Tongue,/,1,0,0,0,0,0,0,0,1,135500,test
0,54,54,160,0,0,0,2,Tongue,/,0,0,0,0,0,0,0,0,0,135938,test
1,64,46,148,0,0,0,3,Tongue,/,0,0,0,0,0,0,0,0,1,136480,train
0,45,68,165,1,1,1,3,Tongue,0,0,0,0,0,2,0,0,0,0,136550,train
0,52,59,164,0,1,1,3,Tongue,/,0,0,0,0,0,0,0,0,0,136833,train
1,52,48,155,0,0,0,2,Tongue,0,0,0,0,0,2,1,0,1,0,136861,train
1,67,57.5,155,0,0,0,2,Gingiva & Jaw,0,0,0,0,0,0,1,0,0,1,138433,train
1,75,61.5,156,0,0,0,3,Gingiva & Jaw,0,0,0,0,0,1,1,0,0,0,138657,valid
0,45,62.5,168,0,1,1,2,Buccal Mucosa,0,0,0,0,0,0,0,0,0,0,138773,test
0,55,52,170,1,1,0,3,Floor of Mouth,0,0,0,0,0,1,0,0,0,0,139148,train
1,26,52,152,1,1,0,2,Tongue,0,0,0,0,0,0,0,0,0,0,139901,train
0,62,65,165,0,0,0,1,Tongue,0,0,0,0,1,2,1,0,0,1,140950,valid
0,43,90,170,1,1,0,3,Tongue,0,0,0,0,0,2,1,0,1,0,141387,train
0,55,58,168,0,0,0,2,Gingiva & Jaw,/,1,0,0,0,2,1,0,0,1,144507,train
0,40,69,172,0,1,0,2,Tongue,0,0,0,0,0,1,1,0,1,0,145182,valid
0,50,45.5,170,0,0,0,3,Tongue,0,0,0,0,0,0,1,0,1,0,146039,train
0,50,78,178,0,0,1,2,Gingiva & Jaw,0,0,0,0,0,1,0,0,0,1,146311,valid
1,75,35,138,0,0,0,2,Tongue,0,0,1,0,0,1,0,0,0,0,146534,train
0,54,92,180,0,0,0,2,Tongue,/,0,0,0,0,1,0,0,0,1,147513,train
0,80,69,/,0,0,0,2,Tongue,0,0,0,0,0,1,0,0,0,0,147749,train
1,80,58,162,0,0,0,4,Tongue,0,0,0,1,0,0,0,0,0,0,148779,train
1,59,64,163,0,0,0,3,Tongue,0,0,0,0,1,1,1,0,0,0,149195,train
0,56,66,172,0,1,0,3,Tongue,0,1,0,0,0,0,0,0,0,0,149416,train
1,52,44,150,0,0,0,2,Tongue,0,0,0,1,0,0,0,0,0,1,149492,test
0,47,79,170,0,1,0,2,Gingiva & Jaw,/,0,0,0,0,0,1,0,0,1,149748,valid
0,55,64,172,1,1,0,3,Tongue,0,1,0,0,0,1,1,0,0,0,150251,test
0,54,65,159,0,1,0,2,Tongue,0,0,0,0,0,1,1,0,0,0,152767,train
1,46,53.5,163,0,0,0,2,Tongue,/,0,0,0,0,0,0,0,0,0,153463,train
1,54,50,150,0,0,0,3,Gingiva & Jaw,0,0,0,1,1,1,1,0,0,0,153467,train
0,74,78,168,0,0,0,3,Buccal Mucosa,0,0,0,0,1,1,1,0,0,0,154063,valid
0,82,64,166,1,1,0,2,Gingiva & Jaw,/,0,0,1,0,1,0,0,0,0,154100,train
0,35,57.5,170,1,1,1,2,Tongue,0,0,0,0,0,1,0,0,0,1,154665,valid
0,48,48,168,0,1,0,1,Floor of Mouth,0,0,0,0,0,1,1,0,0,1,155209,train
0,70,52,163,0,1,0,2,Other,/,1,0,0,0,0,0,0,0,0,155573,train
1,56,70,165,0,0,0,1,Tongue,/,0,0,0,0,0,0,0,0,0,155610,train
0,64,46,163,0,0,0,2,Tongue,/,0,0,0,0,2,0,0,0,0,156048,valid
0,67,71,160,0,0,0,2,Tongue,0,1,0,0,0,0,0,0,0,0,156674,valid
1,71,63,158,0,0,0,3,Tongue,0,0,0,0,0,1,0,0,0,0,156814,train
1,51,53,154,0,0,0,2,Tongue,/,0,0,0,0,1,1,0,1,0,158359,train
0,35,58,175,0,0,0,3,Tongue,0,0,0,0,0,1,0,0,0,0,158685,test
0,/,/,/,0,0,0,0,Other,0,0,0,0,0,0,1,1,0,0,158720,train
1,54,53,162,0,0,0,2,Tongue,/,0,0,0,0,0,0,0,0,0,158726,test
1,57,70,163,0,0,0,3,Tongue,0,1,0,0,1,1,0,0,0,0,160864,test
1,65,71,168,0,0,0,2,Gingiva & Jaw,0,0,0,0,1,1,0,0,0,0,161353,test
0,67,70,170,1,1,0,3,Oropharynx & Palate,0,0,0,0,1,2,0,0,0,0,161942,train
0,53,65,/,0,1,0,3,Tongue,0,0,0,0,0,0,0,0,0,0,163225,test
1,60,55,145,0,0,0,2,Gingiva & Jaw,0,0,0,0,0,0,1,0,0,0,163478,valid
0,59,46,170,1,1,0,2,Other,0,0,1,0,0,1,1,0,0,0,163742,train
0,77,60,160,0,0,0,2,Gingiva & Jaw,0,0,0,0,0,1,1,0,0,1,163809,train
0,68,45,137,0,1,0,2,Buccal Mucosa,0,0,0,0,0,0,1,0,0,0,164000,train
0,54,68,173,0,0,0,0,Tongue,0,1,0,0,0,2,0,0,1,1,164699,test
0,43,75,170,0,0,0,2,Tongue,0,0,0,0,0,0,0,0,0,0,165346,valid
0,50,65,172,0,0,1,2,Buccal Mucosa,0,1,0,0,1,1,1,0,0,0,165893,train
1,63,56,154,0,1,0,2,Tongue,/,0,1,0,1,1,0,0,0,0,167855,train
1,35,56,160,0,0,0,2,Tongue,0,0,0,0,0,1,0,0,0,0,168495,train
0,39,54,170,0,0,0,2,Tongue,0,0,0,0,0,0,1,0,1,0,169821,train
0,65,50,158,0,0,1,2,Tongue,0,0,0,0,0,1,1,0,0,1,171499,valid
1,64,52,156,0,0,0,3,Buccal Mucosa,/,0,0,0,0,0,0,0,0,0,171751,valid
0,34,45,166,0,1,0,2,Tongue,0,0,0,0,0,0,0,0,0,0,171820,train
1,39,58,160,0,0,0,2,Tongue,0,0,0,0,0,0,0,0,0,0,173722,train
0,54,62,170,1,1,0,4,Gingiva & Jaw,/,0,0,0,1,1,1,0,0,0,174646,train
0,68,55,154,1,1,0,2,Tongue,0,0,0,0,0,1,0,0,0,0,174672,train
0,56,44,162,1,1,0,2,Tongue,0,0,0,0,0,1,1,0,0,1,176428,valid
1,28,68,160,0,0,0,2,Tongue,0,0,0,0,0,1,1,0,1,0,177654,train
0,57,60,170,0,0,0,3,Oropharynx & Palate,0,0,0,0,0,2,1,1,1,0,178763,test
0,68,50,170,0,0,0,3,Tongue,/,0,0,0,0,0,1,0,0,1,183225,train
0,65,67.5,160,0,0,0,3,Tongue,0,0,0,0,0,1,0,0,0,0,183311,train
0,59,53,161,0,1,0,3,Gingiva & Jaw,0,0,0,0,1,0,1,0,0,0,186549,train
0,68,53,168,1,1,0,3,Buccal Mucosa,/,0,0,0,0,0,0,0,0,0,186948,valid
0,67,68.5,170,0,1,0,2,Buccal Mucosa,/,0,0,0,0,0,0,0,0,0,188310,train
0,27,87,178,0,1,0,2,Tongue,0,0,0,0,0,1,0,0,0,0,189077,train
0,68,73,160,0,0,0,2,Tongue,0,1,0,0,0,0,0,0,0,0,190808,train
0,59,60,160,0,0,0,2,Tongue,0,0,0,0,0,1,0,0,0,0,191072,train
0,62,50,171,1,1,0,2,Floor of Mouth,0,0,0,0,0,0,0,0,0,0,192800,train
1,77,44,147,0,0,0,3,Gingiva & Jaw,0,0,0,0,0,1,1,0,0,0,192879,train
0,66,53,176,0,0,0,3,Gingiva & Jaw,0,0,0,0,0,1,1,0,0,0,192985,train
0,68,73,175,1,1,0,3,Tongue,0,1,0,0,1,1,1,0,1,0,193957,train
0,57,81,175,1,1,0,2,Tongue,0,1,0,0,0,2,1,1,1,0,194385,train
1,57,50,153,0,0,0,2,Tongue,0,0,0,0,1,2,0,0,0,0,194467,train
0,71,55,168,1,1,0,3,Gingiva & Jaw,0,1,0,0,1,1,1,1,0,0,195800,test
0,43,65,173,1,1,0,0,Tongue,0,0,0,0,0,1,0,0,1,1,195827,test
0,77,65,170,0,0,0,3,Gingiva & Jaw,0,1,0,0,1,1,0,0,0,1,195899,train
0,58,69,168,1,1,0,3,Tongue,0,0,0,0,1,1,1,0,1,0,196075,valid
1,29,41.5,151,0,0,0,2,Tongue,0,0,0,0,0,1,0,0,0,0,197133,train
0,41,66,159,1,1,1,2,Tongue,0,0,0,0,0,1,1,0,1,0,197678,train
1,56,41,160,0,0,0,3,Tongue,0,0,0,0,0,0,1,0,0,0,198314,train
0,68,68,170,1,1,0,3,Other,0,1,0,0,1,1,0,0,0,0,198591,train
0,57,60,170,0,0,0,3,Gingiva & Jaw,/,1,0,0,0,0,0,0,0,0,199626,valid
0,36,98,173,0,1,1,3,Tongue,0,0,0,0,0,0,0,0,0,0,199711,train
1,60,54,158,0,0,0,2,Tongue,0,0,0,0,1,1,1,0,1,1,199730,train
0,62,64.5,170,0,0,0,2,Gingiva & Jaw,0,0,0,0,1,2,0,0,0,0,200348,train
1,27,63,159,0,0,0,2,Tongue,0,0,0,0,0,1,0,0,0,1,200492,valid
1,44,54,157,0,0,1,3,Buccal Mucosa,0,0,0,0,0,0,1,0,0,0,201268,valid
0,63,64,162,0,0,0,4,Buccal Mucosa,0,1,0,1,0,2,0,0,0,0,201651,train
1,58,64,164,0,0,0,1,Gingiva & Jaw,0,0,0,0,0,0,0,0,0,0,204043,train
0,62,72,170,0,1,0,3,Tongue,/,0,0,0,0,1,1,1,1,0,204444,train
0,51,64,170,0,1,0,2,Gingiva & Jaw,0,0,0,0,0,2,1,1,0,1,205553,test
1,70,46.5,144,0,0,0,3,Gingiva & Jaw,/,0,0,0,0,1,1,0,0,1,205725,train
0,/,/,/,0,0,0,0,Other,0,0,0,0,0,0,0,0,0,0,207586,train
1,49,53.5,153,0,0,0,2,Tongue,0,1,0,0,0,1,0,0,0,0,207660,test
0,44,55,168,0,0,0,2,Tongue,0,0,0,0,0,1,0,0,0,0,208159,train
0,84,67,160,0,0,0,0,Buccal Mucosa,0,0,0,0,0,0,0,0,0,0,209039,train
0,64,58,168,0,1,0,3,Buccal Mucosa,0,1,0,0,1,0,1,0,0,0,211485,test
0,63,59,176,0,1,0,3,Buccal Mucosa,0,0,0,0,1,1,1,0,1,0,211803,train
0,68,50,162,0,0,0,3,Gingiva & Jaw,/,0,0,0,0,1,1,0,1,0,213072,valid
1,53,55,154,0,0,0,3,Tongue,0,0,0,0,1,1,0,0,0,0,213295,train
0,64,57.5,170,0,1,0,2,Gingiva & Jaw,/,1,0,1,0,2,1,1,0,1,213531,train
0,54,79,169,0,1,0,2,Tongue,0,0,0,0,0,1,1,0,0,0,213899,train
1,83,65,152,0,0,0,2,Gingiva & Jaw,0,0,0,0,1,2,1,0,0,1,214191,train
0,58,76.5,173,0,1,0,2,Floor of Mouth,0,0,0,0,0,1,1,1,0,0,214410,train
0,73,62,170,0,1,0,3,Tongue,0,0,0,1,1,1,1,0,0,0,214738,train
1,43,64,160,0,0,0,2,Tongue,0,0,0,0,0,1,0,0,0,0,215729,train
1,76,71,152,0,0,0,3,Gingiva & Jaw,/,0,0,0,1,0,1,0,0,0,216116,train
0,60,55,165,0,1,0,3,Tongue,0,0,0,0,0,0,0,1,0,0,217298,train
0,58,53,167,0,0,0,2,Gingiva & Jaw,0,0,0,0,0,0,1,0,0,0,217940,train
0,81,70,168,0,0,0,3,Tongue,0,0,1,0,1,0,1,0,0,0,218080,train
1,61,62,154,0,0,0,3,Tongue,0,1,0,0,0,1,0,0,0,0,218229,test
0,27,80,180,0,0,0,2,Tongue,0,0,0,0,0,2,1,0,1,1,219011,valid
1,64,60,159,0,0,0,2,Gingiva & Jaw,0,0,0,0,0,0,1,0,0,1,220492,test
0,53,62.5,169,1,0,0,2,Tongue,0,0,0,0,1,1,0,0,0,0,220805,train
0,68,60.5,168,0,0,0,2,Buccal Mucosa,/,0,0,0,0,1,0,0,0,0,223896,train
0,43,67.5,170,0,1,0,2,Tongue,0,0,0,0,0,2,0,0,0,0,225654,train
0,44,74,166,1,1,1,2,Gingiva & Jaw,0,0,0,0,0,1,0,0,0,1,226192,train
0,47,62,158,0,0,0,2,Tongue,/,0,0,0,0,0,0,0,0,0,226381,valid
0,51,55,170,0,1,0,2,Tongue,0,0,0,0,0,1,1,0,0,0,226470,train
1,59,50,153,0,0,0,1,Tongue,0,0,0,0,0,2,1,0,1,0,227806,train
0,36,77.5,173,0,1,1,3,Tongue,0,0,0,0,0,1,0,0,0,1,228600,train
0,54,65,165,0,0,0,2,Buccal Mucosa,0,0,0,0,0,0,0,1,0,0,229053,train
0,49,57.5,165,1,1,0,2,Gingiva & Jaw,0,0,1,0,0,2,0,0,0,1,229359,test
0,58,60,158,1,1,0,2,Tongue,0,0,0,0,1,0,0,0,0,0,229400,valid
0,52,71,170,1,1,0,3,Tongue,0,0,0,0,0,0,0,1,0,0,229402,test
0,42,49.5,167,0,0,0,3,Tongue,0,0,0,0,0,1,1,1,1,0,230831,train
1,49,41,156,0,0,0,3,Buccal Mucosa,/,0,0,0,0,0,0,0,0,1,230853,train
0,65,61,165,0,1,0,2,Tongue,/,0,0,0,0,1,0,0,0,0,231169,train
0,65,45,160,0,0,0,2,Tongue,/,0,0,0,1,2,0,0,0,0,231556,train
1,66,49,149,0,0,0,3,Tongue,0,0,0,0,0,1,1,1,1,0,231796,valid
0,51,67,161,0,0,0,2,Tongue,0,0,0,0,0,1,0,0,0,0,232473,train
0,72,63,167,0,0,0,3,Gingiva & Jaw,0,1,0,0,1,1,1,0,0,0,233641,train
0,74,59,168,1,1,0,1,Gingiva & Jaw,/,0,1,0,0,0,1,0,0,0,233935,train
0,55,85,173,1,0,0,2,Tongue,0,0,0,0,1,0,0,0,0,0,236024,train
1,83,42,164,0,0,0,3,Gingiva & Jaw,/,0,0,1,0,1,0,0,0,1,237698,valid
0,39,61.5,175,0,1,0,2,Tongue,/,0,0,0,0,0,1,0,0,0,240810,train
0,63,59,160,0,0,0,2,Buccal Mucosa,0,1,0,0,1,1,1,1,1,0,241689,train
0,56,52,160,0,0,0,3,Tongue,0,0,0,0,0,1,1,0,1,1,243649,train
1,53,61.5,167,0,1,0,2,Tongue,0,0,0,0,1,1,1,0,0,0,244174,test
0,76,56,168,0,0,0,3,Tongue,0,0,0,1,1,1,0,1,0,0,244917,train
1,54,58,150,0,0,0,2,Tongue,/,0,0,0,0,0,1,0,1,1,245397,train
0,50,68,165,1,0,0,2,Tongue,/,0,0,0,0,0,0,0,0,0,246941,test
1,55,69,158,0,0,0,2,Tongue,0,0,0,0,0,2,1,0,1,1,248153,train
0,42,69,179,1,1,1,2,Oropharynx & Palate,0,0,0,0,0,1,0,0,0,0,250206,train
0,57,61.5,/,0,0,0,3,Tongue,/,0,0,0,0,0,0,0,0,0,250559,train
0,62,64,170,1,1,0,3,Floor of Mouth,0,0,0,0,0,1,0,0,0,0,251045,train
0,50,61,170,0,1,0,3,Buccal Mucosa,/,0,0,0,1,1,0,0,0,0,251350,valid
0,66,72,175,0,0,0,3,Gingiva & Jaw,0,0,0,0,1,0,0,0,0,0,251794,train
1,38,55,151,0,0,0,0,Gingiva & Jaw,0,0,0,0,0,1,0,0,0,0,253867,train
0,48,50.5,170,0,0,0,3,Gingiva & Jaw,/,0,0,0,0,0,0,0,0,0,254634,valid
0,64,65,165,1,1,0,2,Floor of Mouth,0,0,0,0,1,1,0,0,0,0,254841,train
0,53,55.5,164,0,0,0,2,Tongue,0,0,0,0,0,2,1,0,1,0,255759,train
0,48,60,165,0,0,0,3,Gingiva & Jaw,0,0,0,0,0,2,1,0,0,1,260002,valid
0,50,73,170,0,1,0,3,Buccal Mucosa,0,0,0,0,0,1,1,0,0,0,260108,test
1,45,44,155,0,0,0,2,Tongue,0,1,0,0,0,1,1,1,1,1,261144,valid
0,63,67,176,0,0,0,3,Gingiva & Jaw,0,0,1,1,1,2,0,0,0,0,262674,train
0,58,54,170,1,1,0,3,Gingiva & Jaw,0,0,0,0,0,1,1,0,0,0,262864,train
1,78,56,158,0,0,0,2,Gingiva & Jaw,0,1,0,1,1,2,0,0,0,0,263121,train
0,56,82,170,1,1,0,2,Other,/,0,0,0,1,2,0,0,0,1,264855,train
0,31,49,178,0,0,0,2,Other,0,0,0,0,0,1,1,0,0,1,264878,valid
0,71,55,150,0,1,0,3,Buccal Mucosa,0,0,0,0,0,1,1,0,0,0,266820,train
0,67,70,170,0,0,0,3,Gingiva & Jaw,0,0,0,0,0,1,1,0,0,0,267791,train
0,66,48,/,1,1,0,3,Tongue,/,0,0,0,0,0,0,0,0,0,268938,test
1,52,60,153,0,0,0,1,Tongue,0,0,0,0,1,0,1,0,1,0,268947,train
1,70,39.5,162,0,0,0,2,Tongue,/,0,0,1,0,0,0,0,0,1,269039,train
0,57,70,/,0,0,0,2,Tongue,/,0,0,0,0,0,0,0,0,0,269360,test
0,63,67,168,1,1,0,3,Oropharynx & Palate,0,1,0,0,0,2,1,0,0,0,270762,train
1,56,62,156,0,0,0,0,Tongue,0,0,0,0,0,1,0,0,0,0,271493,train
0,53,45,155,0,1,0,2,Gingiva & Jaw,0,0,0,0,0,2,0,0,0,0,271819,valid
0,70,52,170,0,0,0,2,Tongue,0,0,0,0,1,1,1,0,1,0,272283,valid
0,39,79,168,1,1,0,2,Tongue,/,0,0,0,0,1,0,0,0,0,272545,train
0,43,75,171,0,1,1,2,Tongue,/,0,0,0,0,0,0,0,0,0,272688,valid
0,31,64,/,1,1,0,2,Tongue,0,0,0,0,0,1,0,0,0,0,272769,train
0,59,64,170,0,0,0,2,Tongue,0,0,0,0,0,1,0,0,0,0,273145,train
1,33,43,153,0,0,0,2,Tongue,0,0,0,0,0,1,0,0,0,0,273590,train
0,68,51,162,0,0,0,3,Oropharynx & Palate,/,0,0,0,0,1,0,0,0,0,274734,train
0,48,82,170,0,1,0,3,Tongue,0,0,0,0,0,1,0,0,1,1,275237,train
1,65,58,152,0,0,0,3,Tongue,0,0,0,0,0,0,0,0,0,0,282719,train
0,40,68.5,169,0,1,0,2,Buccal Mucosa,0,0,0,0,0,2,0,0,0,1,283197,train
0,37,55,168,0,0,0,2,Tongue,0,0,0,0,0,0,1,1,1,1,283459,test
0,65,43,162,0,1,0,2,Tongue,0,0,0,0,0,1,0,0,0,0,284203,valid
1,19,53,161,0,0,0,2,Tongue,0,0,0,0,0,0,0,0,0,0,284555,train
0,49,80,168,0,1,1,2,Tongue,/,0,0,0,1,0,0,0,0,0,288058,train
0,54,55,153,1,1,0,0,Tongue,0,0,0,0,0,1,0,0,0,0,288579,train
0,38,79.5,175,1,0,0,2,Tongue,0,0,0,0,0,1,1,0,1,0,289023,train
1,33,55,161,0,0,0,2,Tongue,0,0,0,0,0,0,1,0,0,0,290424,train
0,72,41,160,0,1,0,3,Tongue,0,0,0,0,0,2,0,0,0,0,291933,train
0,65,62,173,0,0,0,2,Other,/,0,0,0,1,2,1,0,0,1,292148,train
0,64,77,160,1,1,0,3,Tongue,0,0,0,0,0,0,1,0,1,0,293583,train
0,52,52,173,1,1,1,1,Gingiva & Jaw,/,0,0,0,0,0,1,0,0,1,293693,train
1,67,60,150,0,0,0,2,Oropharynx & Palate,0,0,0,0,0,1,1,1,0,0,294527,train
1,49,48,160,0,0,0,2,Buccal Mucosa,/,0,0,0,0,0,0,0,0,0,295528,train
0,63,56,171,0,1,0,3,Gingiva & Jaw,0,0,0,0,0,0,1,0,1,1,296482,valid
0,54,70,166,1,1,0,2,Gingiva & Jaw,0,0,0,0,0,1,0,0,0,1,297162,train
0,76,61,165,1,1,0,3,Gingiva & Jaw,0,0,0,1,1,0,1,0,1,0,301033,train
0,69,50,162,1,1,0,3,Gingiva & Jaw,0,0,0,0,0,2,1,1,0,0,301630,test
0,73,66.5,171,0,0,0,3,Gingiva & Jaw,0,0,0,0,0,2,1,0,0,0,301861,valid
0,43,60,170,1,0,0,2,Gingiva & Jaw,0,0,0,0,0,0,1,0,0,1,301910,train
0,49,71.5,170,0,1,0,3,Other,0,0,0,1,1,2,0,0,0,0,303595,valid
0,53,50,158,1,1,0,2,Floor of Mouth,0,0,0,0,0,0,0,1,0,0,303734,train
0,66,57,165,0,0,0,2,Gingiva & Jaw,0,0,0,0,0,0,0,0,0,1,303764,valid
0,64,60,170,0,1,0,2,Buccal Mucosa,/,1,0,0,0,0,0,0,0,0,303899,train
0,51,55,167,1,1,0,2,Tongue,0,0,0,0,0,0,0,0,0,0,304432,train
0,63,67,164,0,0,0,2,Oropharynx & Palate,0,0,0,0,0,0,1,0,0,0,305172,train
0,54,59,175,1,1,0,3,Gingiva & Jaw,0,0,0,0,0,2,1,0,1,1,305198,train
1,61,42.5,140,0,0,0,3,Tongue,0,0,0,0,0,0,1,0,1,0,305230,test
0,57,71,158,1,1,0,2,Gingiva & Jaw,0,0,0,0,1,2,1,0,0,1,306450,valid
0,60,56,158,1,1,0,2,Gingiva & Jaw,/,0,0,0,0,1,0,0,0,1,306736,test
0,30,55,163,0,0,0,2,Tongue,0,0,0,0,0,2,1,0,1,1,306846,train
0,66,60,167,0,1,0,2,Tongue,0,0,0,0,1,1,1,0,0,0,307508,train
0,55,45,163,0,0,0,3,Tongue,0,1,0,0,0,1,1,0,0,0,307559,train
0,57,75,167,0,1,0,0,Oropharynx & Palate,/,0,0,0,0,2,0,0,0,0,307659,train
0,72,66,165,0,1,0,3,Tongue,0,0,0,0,1,1,1,0,0,0,308075,test
0,35,45,170,0,0,0,3,Tongue,0,0,0,0,0,1,0,0,0,0,308682,valid
1,89,41,149,0,0,0,3,Other,/,0,0,0,1,2,0,0,0,1,309045,test
0,46,49,160,0,1,0,2,Gingiva & Jaw,0,0,0,0,0,2,1,0,0,1,310741,train
1,54,62,158,0,0,0,2,Gingiva & Jaw,0,0,0,0,0,1,1,0,0,0,310783,test
0,66,66,160,1,1,0,3,Floor of Mouth,0,1,1,0,1,1,1,0,0,0,312505,valid
0,62,80,170,0,1,0,1,Tongue,/,0,1,0,0,1,0,0,0,1,313062,train
1,56,52,145,0,0,0,2,Tongue,0,0,0,0,0,2,1,0,1,1,313483,train
1,80,49,153,0,0,0,2,Tongue,0,0,0,0,0,1,1,1,1,0,313760,test
1,60,51.5,158,0,0,0,2,Gingiva & Jaw,/,0,0,1,1,1,1,0,0,0,313929,train
1,46,48,160,0,0,0,2,Gingiva & Jaw,0,0,0,0,0,1,0,0,0,1,314766,valid
1,62,49,/,0,1,0,2,Tongue,/,0,0,0,0,0,0,0,0,0,315042,train
0,41,80,175,0,1,0,2,Tongue,/,0,0,0,0,0,0,0,0,0,315685,train
0,35,65,163,0,0,0,2,Tongue,/,0,0,0,0,0,0,1,0,1,315788,train
1,68,50,145,0,0,0,3,Tongue,0,0,0,0,1,1,0,0,0,0,316089,train
1,60,61,160,0,0,0,2,Tongue,0,0,0,0,0,1,0,0,0,0,316568,train
0,55,66,165,0,1,0,2,Gingiva & Jaw,0,0,0,0,0,1,0,0,0,0,317106,train
0,73,51,150,0,0,0,1,Gingiva & Jaw,/,0,0,1,0,2,1,0,1,0,317133,train
0,71,58,170,0,1,0,3,Tongue,/,0,1,0,0,1,0,0,0,0,317373,train
0,42,72,169,1,1,0,2,Gingiva & Jaw,/,0,0,0,0,0,0,0,0,0,317513,test
0,58,69,180,0,0,0,3,Gingiva & Jaw,0,0,0,0,0,1,0,0,0,0,318046,train
1,63,49,160,0,0,0,2,Tongue,0,1,0,0,0,1,1,0,0,0,320142,valid
1,69,55,153,0,0,0,2,Gingiva & Jaw,/,0,0,0,0,0,0,0,0,1,320448,train
0,50,50,168,0,0,0,3,Other,0,1,0,0,0,1,1,0,0,1,322712,train
1,83,53,153,0,0,0,3,Tongue,/,0,0,0,0,1,0,0,0,0,322835,train
0,42,69,166,0,1,1,2,Buccal Mucosa,0,0,0,0,0,1,0,0,0,0,325213,valid
0,56,67,168,0,1,0,3,Tongue,0,0,0,0,0,1,1,0,1,0,325370,train
0,38,51,164,1,1,0,2,Tongue,0,0,0,0,0,1,1,0,1,0,326574,test
1,60,60,155,0,0,0,2,Gingiva & Jaw,0,0,0,0,0,2,1,1,0,0,327216,test
0,40,71.5,170,0,1,1,2,Tongue,0,0,0,0,0,1,1,0,1,0,330000,train
0,63,60,168,1,1,0,2,Tongue,0,0,0,0,0,2,1,0,0,0,331236,train
1,53,41,158,0,0,0,3,Tongue,0,0,0,0,0,1,1,0,1,1,331425,test
0,89,65,170,0,1,0,3,Gingiva & Jaw,0,0,0,0,0,0,1,0,0,0,331535,train
1,33,87,168,0,0,0,2,Tongue,0,0,0,0,0,1,0,0,0,0,331556,train
0,56,59,168,0,0,0,1,Oropharynx & Palate,0,0,0,0,0,1,0,0,0,0,332447,train
0,75,58,168,0,0,0,3,Buccal Mucosa,0,0,1,1,0,1,0,0,0,1,333699,test
0,78,55,163,0,0,0,2,Gingiva & Jaw,0,1,0,0,1,1,1,0,0,0,333719,train
1,74,59,157,0,0,0,3,Tongue,0,0,0,0,0,1,1,0,1,0,335601,train
1,67,51,154,0,0,0,3,Tongue,/,0,0,0,0,0,0,0,0,0,336247,train
0,49,68,173,1,1,0,2,Tongue,0,0,0,0,0,1,0,0,0,0,337457,train
0,62,45,165,1,1,0,2,Gingiva & Jaw,/,0,0,0,0,1,0,0,0,0,338124,train
0,48,68,/,0,0,0,2,Tongue,0,0,0,0,0,1,0,0,0,0,339645,train
0,62,66,165,0,0,0,2,Tongue,0,1,0,0,0,1,0,0,0,0,340079,test
1,52,49,159,0,0,0,2,Tongue,0,0,0,0,0,0,1,0,0,0,340261,valid
0,68,54,168,1,1,0,2,Gingiva & Jaw,0,0,0,0,0,1,0,1,0,0,341001,test
1,67,55,159,0,0,0,3,Buccal Mucosa,/,0,0,0,0,0,0,0,0,0,341776,train
1,79,41,153,0,0,0,3,Gingiva & Jaw,/,0,0,1,0,0,1,0,0,0,342867,train
0,56,59.5,161,0,0,0,2,Buccal Mucosa,0,0,0,0,0,1,1,0,0,0,344478,train
0,58,55,162,1,1,0,1,Oropharynx & Palate,/,0,0,0,0,2,1,0,1,1,346235,train
0,32,55,165,0,1,1,2,Gingiva & Jaw,0,0,0,0,0,1,1,0,1,0,346236,train
0,65,68,/,0,0,0,2,Tongue,/,0,0,0,0,0,0,0,0,0,346653,train
1,51,57,165,0,0,0,2,Tongue,0,0,0,1,1,1,0,0,0,1,346759,train
0,50,70,168,0,0,0,1,Gingiva & Jaw,0,0,0,1,0,1,1,0,0,0,348689,train
1,43,53,154,0,0,0,2,Tongue,0,0,0,0,0,1,1,0,1,0,348846,valid
0,70,71,165,0,0,0,0,Tongue,/,0,0,0,0,0,0,0,0,0,348914,train
0,42,66,172,0,1,0,2,Oropharynx & Palate,0,0,0,0,0,1,1,1,0,0,349317,valid
1,77,50,155,0,0,0,3,Tongue,/,0,0,0,1,0,0,0,0,0,349604,valid
1,86,25,146,0,0,0,4,Tongue,/,0,0,0,0,0,0,0,0,0,350250,train
0,74,50,157,0,0,0,2,Gingiva & Jaw,0,1,0,0,1,0,1,0,0,0,350645,test
1,27,62,160,0,0,0,2,Tongue,0,0,0,0,0,1,1,0,0,0,351286,valid
1,75,52,155,0,0,0,2,Tongue,/,0,0,1,1,0,0,0,0,0,351358,test
0,57,72,165,1,1,0,3,Gingiva & Jaw,0,0,0,0,1,1,0,0,0,0,351556,train
1,55,64,155,0,0,0,2,Buccal Mucosa,0,0,0,0,0,0,0,0,0,0,352234,train
0,30,93,171,1,1,0,1,Tongue,0,0,0,0,0,2,0,0,0,0,353454,train
1,48,76,162,0,0,0,2,Tongue,0,0,0,0,0,1,1,0,0,1,354277,train
0,57,72,165,1,0,1,3,Tongue,0,1,0,0,1,0,0,0,0,0,354687,train
0,36,100,180,0,0,0,1,Buccal Mucosa,0,0,0,0,0,0,0,0,0,1,356400,train
0,30,61,160,1,1,0,2,Gingiva & Jaw,0,0,0,0,0,1,1,0,0,0,356746,test
1,86,66.5,154,0,0,0,2,Buccal Mucosa,0,0,0,0,1,0,0,0,0,1,356922,train
0,40,69,169,1,0,0,2,Tongue,0,0,0,0,0,1,1,0,1,0,358940,train
0,58,81,170,0,1,0,2,Tongue,0,0,0,0,0,1,0,0,0,0,360344,train
0,34,65,167,0,1,1,2,Tongue,/,0,0,0,1,2,1,0,0,0,361181,train
0,37,82.5,177,0,1,0,2,Tongue,0,0,0,0,0,0,1,0,0,0,362225,test
0,49,78,176,0,0,0,3,Tongue,/,1,0,0,0,0,0,0,0,0,363507,train
1,57,65,/,0,0,0,3,Gingiva & Jaw,0,0,0,1,1,1,0,0,0,0,363911,test
1,72,51,154,0,0,0,3,Gingiva & Jaw,0,0,0,0,1,1,1,0,1,1,364776,test
0,47,67,171,1,1,0,3,Tongue,/,1,0,0,0,0,0,0,0,1,366128,test
0,71,93,177,1,1,0,3,Tongue,0,0,0,1,0,1,0,0,0,0,367309,valid
0,61,55,165,0,0,0,3,Gingiva & Jaw,0,0,0,0,1,1,0,0,0,0,369335,train
1,51,52,156,0,0,0,2,Tongue,/,0,0,0,0,0,1,0,0,0,369626,train
0,41,80,172,0,0,0,3,Tongue,/,0,0,0,0,1,0,0,0,0,369908,train
0,65,68,/,0,0,0,3,Tongue,/,1,0,0,0,1,0,0,0,0,370977,train
1,72,54,150,0,0,0,3,Gingiva & Jaw,0,0,0,0,1,2,1,0,1,1,371009,train
0,45,55,160,1,1,0,2,Tongue,0,0,0,0,0,0,0,0,0,1,371256,test
0,38,61,163,1,0,0,2,Tongue,0,0,0,0,0,1,1,0,0,1,371787,train
0,69,65,171,0,1,0,3,Tongue,0,0,0,0,0,1,0,0,0,1,372629,train
0,61,53.5,167,0,1,0,4,Tongue,0,1,0,1,1,1,0,0,0,1,372665,train
0,67,64,172,0,1,0,3,Tongue,0,0,0,1,1,1,1,0,0,0,373873,train
0,64,80,170,1,1,0,3,Tongue,0,0,0,1,1,0,0,0,0,0,374500,test
1,41,46,160,0,0,0,3,Other,0,0,0,0,0,0,0,0,0,0,374727,valid
0,54,55,167,1,1,0,2,Floor of Mouth,0,0,0,1,0,1,0,1,0,0,375441,test
1,71,52.5,152,0,0,0,2,Tongue,0,0,0,0,0,1,1,0,1,0,375935,train
0,51,71,166,0,1,0,3,Tongue,0,0,0,0,1,1,0,0,0,0,375972,train
0,73,54.5,160,0,0,0,3,Gingiva & Jaw,0,0,0,1,0,1,0,0,0,0,376649,train
0,50,70,163,0,0,0,3,Gingiva & Jaw,/,0,0,0,1,1,1,0,0,0,376704,train
0,62,70.5,/,0,0,0,3,Tongue,/,0,0,1,1,2,1,0,1,0,378438,train
0,50,45,171,0,0,0,3,Tongue,/,0,0,0,0,1,1,0,0,1,378827,train
1,58,57.5,159,0,0,0,2,Tongue,/,0,0,0,0,1,1,0,1,0,379209,train
0,55,57,160,0,1,0,2,Tongue,0,0,0,0,0,1,1,0,0,0,379836,valid
1,70,53.5,151,0,0,0,3,Buccal Mucosa,0,1,0,0,0,1,1,0,1,1,381272,train
1,45,74,165,0,1,0,2,Tongue,/,1,0,0,0,1,1,1,0,0,383571,train
1,64,60,159,0,0,0,1,Gingiva & Jaw,0,0,0,0,0,1,1,0,0,0,384716,valid
1,58,55,160,0,0,0,3,Gingiva & Jaw,0,0,0,0,0,0,0,0,0,0,385038,train
1,67,34,143,0,0,0,1,Tongue,/,0,0,0,0,1,1,0,1,0,386223,train
0,39,42,168,1,1,0,2,Tongue,/,0,0,0,0,1,1,0,0,1,387061,train
0,88,73,167,0,0,0,3,Tongue,0,0,0,0,0,2,1,0,0,0,387193,test
0,53,71.5,173,0,0,0,2,Gingiva & Jaw,0,1,0,0,0,0,1,0,0,0,388119,train
1,45,50.5,156,0,0,0,2,Tongue,0,0,0,0,0,0,0,0,0,0,389359,train
0,65,46,159,1,1,0,3,Tongue,0,0,0,0,0,2,1,0,0,0,389631,train
1,56,60,155,0,0,0,3,Tongue,0,0,0,0,0,1,1,0,1,0,389647,train
0,43,70,168,1,1,1,2,Tongue,0,0,0,0,0,0,1,0,0,1,389865,train
0,66,65,168,1,1,0,2,Gingiva & Jaw,0,0,0,0,1,0,0,0,0,0,390133,train
1,49,45,/,0,0,0,2,Tongue,0,0,0,0,0,0,0,0,0,0,390541,test
1,63,39,150,0,0,0,3,Tongue,0,0,0,0,0,1,1,0,1,0,390554,train
1,67,60,157,1,1,0,2,Tongue,0,0,0,0,1,2,1,1,1,0,393815,test
0,63,48,/,0,0,0,2,Tongue,/,0,0,0,0,0,1,0,1,0,393823,train
0,34,56,164,0,0,0,2,Gingiva & Jaw,0,0,0,0,0,2,1,0,1,1,394717,train
0,69,75,170,0,1,0,3,Tongue,0,0,0,0,0,1,1,0,0,0,394882,train
1,69,59,150,0,0,0,3,Gingiva & Jaw,0,0,0,0,0,2,1,0,1,0,396395,test
1,78,57,149,0,0,0,3,Gingiva & Jaw,0,0,0,0,0,0,1,0,0,0,397041,train
0,58,72.5,165,1,1,0,2,Oropharynx & Palate,/,0,0,0,0,1,0,1,0,0,397415,valid
1,36,67,153,0,0,0,0,Tongue,0,0,0,0,0,2,1,0,1,1,399955,train
0,54,39,156,1,1,0,3,Tongue,0,0,0,0,1,1,1,0,1,0,400799,train
0,70,92,175,1,1,0,1,Tongue,/,0,0,0,1,1,0,0,0,0,402038,train
0,64,74,170,1,1,1,3,Buccal Mucosa,/,0,0,0,0,0,0,0,0,0,402317,test
0,60,51,172,1,1,0,1,Gingiva & Jaw,0,0,0,0,0,0,0,0,0,1,402789,train
0,66,72,173,1,1,0,3,Tongue,/,0,0,0,1,1,0,0,0,0,402820,train
1,74,57,165,0,0,0,2,Gingiva & Jaw,/,0,0,0,0,1,1,0,0,0,403504,train
0,62,45,167,0,0,0,3,Tongue,0,0,0,0,0,1,1,1,0,0,403598,train
0,65,45,162,0,0,0,2,Floor of Mouth,0,0,0,0,1,1,1,0,1,0,403958,train
0,65,50,160,0,1,0,3,Gingiva & Jaw,0,0,0,0,0,0,1,0,0,0,405466,test
0,38,53.5,170,1,1,0,2,Tongue,0,0,0,0,0,2,1,0,0,0,406475,train
0,40,67,169,0,0,0,0,Tongue,0,0,0,0,0,0,1,0,1,0,406865,train
0,49,68,158,0,0,0,3,Tongue,0,0,0,0,0,0,1,0,1,1,407211,train
0,62,66.5,/,0,0,0,3,Oropharynx & Palate,0,1,0,1,0,2,1,0,1,0,407444,valid
1,74,38,158,0,0,0,2,Tongue,0,0,0,0,0,1,0,0,0,0,407520,train
0,74,57,163,0,0,0,2,Gingiva & Jaw,0,0,0,1,0,1,0,0,0,1,407765,train
0,39,63,169,0,0,0,3,Tongue,0,0,0,0,0,2,1,0,1,1,408458,test
0,69,51,162,0,0,0,3,Oropharynx & Palate,0,0,0,0,0,1,1,0,1,1,409957,train
0,62,52,156,0,0,0,2,Tongue,0,0,0,0,1,1,1,0,1,0,410212,valid
0,31,65,173,1,1,1,2,Tongue,0,0,0,0,0,0,1,0,1,0,410282,train
1,50,51,158,0,0,0,2,Tongue,0,0,0,0,0,2,0,0,0,0,410303,train
0,57,50,160,0,0,0,4,Tongue,0,0,1,0,0,0,1,0,1,0,411069,train
0,47,55,178,0,1,1,2,Buccal Mucosa,/,0,0,0,0,1,0,0,0,0,412930,train
1,39,41,153,0,0,0,0,Tongue,0,0,0,0,0,1,0,0,0,0,412937,train
0,49,58,170,0,1,0,2,Tongue,/,0,0,0,0,1,0,0,0,0,413969,train
0,70,55,160,0,0,0,1,Tongue,0,0,0,0,0,0,0,0,0,1,414308,train
1,43,40,150,0,0,0,2,Tongue,0,0,0,0,0,2,1,0,1,1,415482,train
0,63,57,167,0,1,0,2,Buccal Mucosa,/,0,0,0,0,0,0,0,0,0,415966,train
0,54,60,165,1,1,0,1,Gingiva & Jaw,/,0,0,0,0,1,1,0,0,0,417284,train
1,72,38,154,0,0,0,3,Gingiva & Jaw,0,0,0,0,0,1,1,0,0,1,417782,train
1,55,50.5,164,0,0,0,3,Tongue,0,0,0,1,1,0,1,0,0,0,418147,train
0,62,49,152,0,0,0,3,Gingiva & Jaw,0,1,0,1,0,1,1,0,0,0,418196,train
0,42,66,162,1,1,1,2,Tongue,0,0,0,0,1,2,0,1,1,1,420706,valid
0,37,97,170,0,0,1,1,Tongue,0,0,0,0,1,1,0,0,0,0,421335,train
1,56,47,154,0,0,0,1,Tongue,0,0,0,0,0,0,1,0,1,0,421807,train
0,49,57,163,1,1,0,2,Oropharynx & Palate,/,0,0,0,0,0,0,0,0,0,422753,train
0,44,52,170,1,1,0,2,Tongue,0,0,0,1,0,1,1,1,1,1,423009,valid
1,89,63,150,0,0,0,3,Tongue,0,0,0,1,1,1,0,0,0,0,424604,train
1,35,48,152,0,0,0,2,Oropharynx & Palate,0,0,0,0,0,1,0,0,0,1,424993,train
0,59,55,168,1,1,0,2,Buccal Mucosa,0,0,0,0,0,0,0,0,0,0,425624,train
1,64,49,155,0,0,0,2,Oropharynx & Palate,0,0,0,0,0,0,0,0,0,0,427895,train
0,67,65,170,0,0,0,2,Gingiva & Jaw,0,0,0,0,0,1,1,0,0,0,428475,train
0,31,130,182,0,0,0,3,Tongue,0,0,0,0,0,1,0,0,0,0,429816,train
0,59,68,172,1,0,0,3,Tongue,0,0,0,0,1,1,1,0,0,1,430759,train
1,63,54,158,0,0,0,3,Gingiva & Jaw,0,0,0,0,0,0,0,0,0,0,431111,train
0,65,70,170,0,0,0,1,Gingiva & Jaw,0,1,0,0,0,2,1,0,0,0,434536,train
0,66,82.5,168,0,0,0,3,Gingiva & Jaw,0,0,0,0,1,1,1,0,1,0,434548,train
1,77,69.5,152,0,0,0,3,Gingiva & Jaw,/,0,0,0,1,0,1,0,0,0,434867,train
1,54,72,155,0,0,0,2,Gingiva & Jaw,0,0,1,0,0,1,1,0,0,1,434981,train
0,72,50,160,0,1,0,2,Tongue,0,0,0,1,1,1,1,1,1,1,435271,train
1,34,61,163,0,0,0,2,Tongue,0,0,0,0,0,1,0,0,0,0,435303,train
0,51,84,175,1,1,0,3,Gingiva & Jaw,0,0,0,0,1,1,0,0,0,0,435328,train
0,60,62,168,0,1,0,2,Tongue,0,0,0,0,1,0,1,0,0,1,435831,valid
0,53,76,162,0,0,0,2,Gingiva & Jaw,0,0,0,0,0,2,1,0,0,0,436993,train
0,51,69,168,0,1,1,2,Gingiva & Jaw,0,0,0,0,0,1,1,0,0,0,437276,valid
0,59,60,169,0,1,0,2,Oropharynx & Palate,0,0,0,0,1,2,1,0,0,0,437492,train
0,67,55,160,1,1,0,2,Tongue,0,0,0,0,0,1,1,0,1,0,437764,train
0,51,64,/,0,0,0,3,Tongue,/,0,0,0,0,0,0,1,0,0,438137,train
1,64,44,152,0,0,0,1,Oropharynx & Palate,0,0,1,0,1,2,1,0,0,0,438164,train
0,71,73,165,0,0,0,1,Tongue,0,0,0,1,0,1,0,0,0,0,438542,train
0,61,66,167,1,1,0,2,Buccal Mucosa,0,0,0,0,0,1,1,0,1,0,439797,valid
0,61,80,170,1,1,0,3,Gingiva & Jaw,0,0,0,0,1,0,1,0,0,0,440176,test
1,46,66,161,0,0,0,2,Oropharynx & Palate,/,0,0,0,0,1,1,0,0,0,440518,train
0,57,75,170,0,0,0,2,Oropharynx & Palate,0,0,0,0,1,0,1,0,0,0,440644,train
0,43,70,173,0,0,0,2,Tongue,0,0,0,1,0,1,0,0,0,0,441001,train
1,67,43,156,0,0,0,2,Tongue,0,0,0,0,0,1,1,0,0,1,442189,train
0,35,37,173,0,0,0,2,Gingiva & Jaw,0,0,0,0,0,1,1,0,1,1,442194,train
0,55,72.5,167,0,0,0,3,Tongue,/,0,0,0,0,1,1,1,0,0,442558,train
0,75,65,156,0,1,0,3,Gingiva & Jaw,0,0,0,0,0,1,1,0,1,0,442696,train
0,44,72,172,0,0,0,3,Tongue,0,0,0,0,0,1,0,0,0,0,443587,train
0,45,65,163,0,1,0,2,Tongue,/,0,0,0,0,1,0,0,0,0,443798,train
0,59,49,163,0,1,0,2,Oropharynx & Palate,/,0,0,0,0,0,1,0,0,1,444815,train
0,54,56,159,1,1,0,3,Tongue,0,1,0,0,0,2,1,1,1,0,446293,test
1,69,56,143,0,0,0,3,Gingiva & Jaw,0,0,0,0,0,1,1,0,1,1,446662,train
1,77,56,156,0,0,0,3,Gingiva & Jaw,0,1,0,0,0,0,0,0,0,0,446830,train
1,60,36,152,0,0,0,2,Tongue,0,0,0,0,0,1,0,0,0,0,447077,valid
0,64,52,163,1,1,0,3,Tongue,/,0,0,0,0,1,0,0,0,0,447254,valid
0,48,60,160,0,0,0,2,Gingiva & Jaw,0,0,0,1,0,0,0,1,0,1,448046,train
1,51,64,168,0,0,0,2,Gingiva & Jaw,0,0,0,0,0,1,1,0,0,0,452026,valid
1,64,63,/,0,0,0,3,Tongue,0,0,0,0,0,1,0,0,0,0,452168,train
1,71,83,165,0,0,0,3,Tongue,0,0,0,0,1,1,1,0,0,0,452687,train
1,58,59,/,0,0,0,2,Tongue,/,0,0,0,0,0,0,0,0,1,455101,train
0,57,58,164,1,1,0,3,Gingiva & Jaw,0,0,0,0,0,1,0,0,0,0,455262,valid
1,64,50.5,150,0,0,0,2,Buccal Mucosa,0,0,0,0,1,0,1,0,0,1,456413,test
1,24,40,157,0,0,0,1,Oropharynx & Palate,0,0,0,1,0,2,0,0,0,0,456592,train
0,59,66,166,1,1,0,3,Tongue,/,0,0,0,0,0,0,0,0,0,457251,train
0,62,80,168,0,1,0,2,Gingiva & Jaw,0,0,0,0,0,2,1,1,1,1,460610,train
0,74,70,170,0,1,0,3,Gingiva & Jaw,0,0,0,0,0,2,1,0,1,0,462733,test
1,66,51,156,0,1,0,0,Other,/,0,0,0,1,1,0,0,0,0,463799,train
0,52,64,168,0,1,0,2,Tongue,/,0,0,0,0,1,0,0,0,1,463852,train
1,64,56,156,0,0,0,2,Buccal Mucosa,/,0,0,0,0,0,0,0,0,0,464197,train
0,59,62.5,166,0,1,0,3,Tongue,0,0,0,0,1,1,0,0,0,1,465548,test
0,72,59,163,0,1,0,3,Gingiva & Jaw,0,0,0,0,1,0,1,0,0,1,465698,valid
0,81,60,160,0,0,0,3,Gingiva & Jaw,/,1,0,0,1,0,1,0,0,0,466175,test
1,54,77.5,158,0,0,0,1,Tongue,/,0,0,0,0,1,0,0,0,1,466180,train
1,70,54,154,0,0,0,3,Buccal Mucosa,0,0,0,0,0,1,1,0,0,0,466418,train
0,46,57,168,0,1,1,2,Tongue,0,0,0,0,0,1,1,0,1,0,466604,test
0,43,80,175,1,1,1,2,Gingiva & Jaw,0,0,0,0,0,0,1,0,0,0,466985,valid
0,52,60,165,1,1,0,2,Tongue,/,1,0,0,0,1,1,0,0,0,467837,train
0,57,68,174,1,0,0,2,Tongue,0,0,0,0,1,1,1,0,1,0,468047,train
1,56,61,160,0,0,0,3,Tongue,0,0,0,0,1,1,1,0,0,0,468418,train
1,80,45,150,0,0,0,4,Buccal Mucosa,/,0,0,0,1,2,1,0,1,1,469019,valid
0,43,71,170,1,1,0,2,Tongue,0,0,0,0,1,1,0,0,0,0,469730,train
1,44,51,160,0,0,0,2,Gingiva & Jaw,0,0,0,0,0,2,0,0,0,0,469903,train
0,56,64,167,1,1,0,2,Tongue,/,0,0,0,0,0,0,0,0,0,470332,valid
1,64,40,153,0,0,0,2,Gingiva & Jaw,/,0,0,0,0,1,1,0,0,0,470379,train
0,45,80,168,0,1,0,2,Tongue,0,0,0,0,1,1,1,0,1,1,470903,test
0,48,65,170,0,0,0,3,Tongue,0,0,0,0,0,1,1,0,1,0,472449,train
0,75,57,168,0,0,0,2,Tongue,0,0,0,0,0,0,1,0,1,0,473549,train
1,82,49,148,0,0,0,3,Buccal Mucosa,0,0,0,0,1,0,0,0,0,0,474982,train
0,65,70,170,0,1,0,3,Other,/,0,0,0,0,1,0,0,0,1,475473,train
0,38,50,170,0,1,1,3,Gingiva & Jaw,0,0,0,0,0,1,1,0,1,0,476103,valid
1,59,55,149,0,0,0,3,Gingiva & Jaw,0,0,0,0,1,0,1,0,0,0,477595,train
0,41,75,173,0,1,1,3,Tongue,0,0,0,0,0,1,0,0,0,0,480199,test
1,33,48,165,0,0,0,1,Tongue,0,0,0,0,0,1,0,0,0,0,480675,valid
0,78,55,172,0,0,0,3,Buccal Mucosa,0,0,0,1,1,1,1,0,1,0,480944,train
1,70,50,165,0,0,0,2,Tongue,0,0,0,0,1,1,0,1,0,0,481173,train
0,49,74,170,0,1,0,3,Tongue,/,0,0,0,0,0,0,0,0,0,483115,train
0,41,60,166,0,1,1,2,Gingiva & Jaw,0,0,0,0,0,0,1,0,0,1,483283,train
0,65,56,175,1,1,0,2,Tongue,0,0,0,0,0,1,0,0,0,1,484453,train
1,31,46,153,0,0,0,2,Tongue,0,0,0,0,0,2,0,0,0,1,484898,train
0,57,72,/,0,0,0,2,Gingiva & Jaw,/,0,0,0,0,1,0,0,0,0,488928,train
0,44,65,168,1,1,0,2,Tongue,0,0,0,0,0,1,0,0,0,0,489571,train
0,43,68,165,0,1,0,0,Oropharynx & Palate,0,0,0,0,0,0,0,0,0,0,489822,train
1,71,60,162,0,0,0,3,Tongue,0,0,0,0,0,0,0,0,0,0,489882,train
0,58,65,165,0,1,0,2,Gingiva & Jaw,0,0,0,1,0,0,1,0,0,1,490673,valid
0,61,72,179,0,1,0,1,Gingiva & Jaw,0,0,0,1,0,0,1,0,1,0,493057,test
0,/,/,/,0,0,0,0,Other,0,0,0,0,0,1,1,0,0,0,493283,train
1,71,43,148,0,0,0,3,Gingiva & Jaw,/,1,0,0,1,0,0,0,0,0,493761,test
0,67,68,165,1,1,0,3,Gingiva & Jaw,0,1,0,0,1,2,1,0,0,0,493763,valid
1,72,45,146,0,0,0,3,Gingiva & Jaw,0,0,0,0,0,0,1,0,0,1,494335,train
0,68,45,157,1,1,0,3,Gingiva & Jaw,/,0,0,0,0,1,1,0,0,1,494433,train
0,75,78,162,0,1,0,3,Oropharynx & Palate,/,0,0,0,0,1,0,0,0,0,494535,train
0,49,52.5,170,1,1,1,2,Oropharynx & Palate,0,0,0,0,0,2,0,1,0,0,495077,train
0,55,70,170,1,1,0,3,Tongue,0,0,0,0,1,1,0,0,0,1,495625,train
1,50,55,157,0,0,0,3,Tongue,/,0,0,0,1,0,0,0,0,0,496364,train
1,49,75,165,0,0,0,2,Tongue,0,0,0,0,0,1,0,0,0,0,497029,train
0,47,83,176,1,0,0,2,Tongue,0,0,0,0,0,1,0,0,0,0,498708,train
0,59,64,157,1,0,1,2,Tongue,0,0,0,0,0,0,0,0,0,0,499678,valid
0,41,84,163,0,1,1,1,Buccal Mucosa,/,0,0,0,0,0,0,0,0,0,499748,train
1,70,51,153,0,0,0,2,Gingiva & Jaw,0,0,0,0,0,1,1,0,0,0,499849,train
0,54,80,175,0,0,0,2,Tongue,0,0,0,0,0,1,1,0,1,1,499872,train
0,28,82,167,1,0,1,2,Tongue,0,0,0,0,0,1,0,0,0,0,500181,valid
0,66,59,/,0,0,0,3,Gingiva & Jaw,/,0,0,0,0,0,1,0,0,0,501287,valid
0,54,71,173,1,1,1,3,Floor of Mouth,/,0,0,0,0,0,0,0,0,0,502358,train
0,59,62,170,1,1,0,3,Gingiva & Jaw,/,0,0,0,0,0,0,0,0,0,502512,test
1,62,63,163,0,0,0,2,Tongue,0,0,0,0,0,1,0,0,0,0,504545,train
1,83,65,148,0,0,0,1,Buccal Mucosa,0,0,0,1,0,2,1,0,1,0,504711,train
0,59,59,163,1,1,0,2,Gingiva & Jaw,0,0,0,0,0,1,1,0,0,0,505232,train
0,73,69,170,0,1,0,3,Tongue,0,0,0,0,0,1,0,0,0,0,505637,valid
0,51,60,167,0,1,0,2,Tongue,0,0,1,0,0,1,1,0,1,1,506764,train
0,66,57,170,0,0,0,1,Tongue,0,0,0,0,0,0,0,0,0,0,509532,train
0,60,55,165,0,0,0,3,Oropharynx & Palate,0,1,0,0,0,1,1,0,0,0,509781,train
0,44,69,170,1,1,0,3,Gingiva & Jaw,0,0,0,0,1,1,1,0,0,0,510073,valid
1,42,50,156,0,0,0,2,Tongue,0,0,0,0,0,0,0,0,0,0,510935,train
1,50,60,150,0,0,0,1,Tongue,0,0,0,0,1,0,0,0,0,0,511601,train
0,67,59,173,1,1,0,3,Floor of Mouth,0,1,0,1,1,1,0,0,0,0,512353,train
1,45,56,158,0,0,0,3,Oropharynx & Palate,0,0,0,0,0,0,0,0,0,1,512604,train
1,59,68,160,0,1,0,2,Buccal Mucosa,0,0,0,0,0,1,0,0,0,0,513054,train
0,26,63,170,0,1,0,2,Tongue,0,0,0,0,0,0,1,1,1,0,514137,train
1,70,58,168,0,0,0,3,Buccal Mucosa,/,1,0,0,0,0,1,0,0,0,515722,train
1,42,/,/,0,0,0,0,Tongue,0,0,0,0,0,0,0,0,0,1,515855,valid
1,54,55,153,0,0,0,3,Tongue,0,1,0,0,1,0,1,0,1,0,516586,valid
0,57,82,178,0,0,0,2,Gingiva & Jaw,0,0,0,0,0,1,1,0,0,1,516654,test
0,54,64,164,0,0,0,3,Tongue,/,1,0,0,0,0,0,0,0,0,517482,valid
0,52,53,163,0,0,0,3,Tongue,/,0,0,0,0,0,1,0,0,0,517553,train
1,55,47,154,0,0,0,2,Tongue,0,0,0,0,0,1,0,0,0,0,518505,train
0,54,50,160,1,1,0,2,Gingiva & Jaw,0,0,0,0,0,1,1,0,1,0,518607,valid
0,36,55,150,0,1,0,2,Gingiva & Jaw,0,0,0,0,0,1,1,0,0,1,519593,train
0,67,78,168,1,0,0,2,Buccal Mucosa,0,0,0,0,0,1,0,0,0,0,520748,train
0,34,72,166,0,0,0,2,Tongue,/,0,0,0,0,0,0,0,0,0,521233,train
0,47,65,177,1,0,1,3,Gingiva & Jaw,0,0,0,0,0,0,1,0,0,1,521854,train
1,78,53,158,0,0,0,2,Gingiva & Jaw,0,1,0,0,0,1,1,0,0,0,521912,test
0,54,84,169,0,0,0,2,Tongue,0,0,0,0,0,2,1,0,1,0,522653,valid
0,62,44,162,0,1,0,3,Tongue,0,0,0,0,0,1,0,0,0,0,522868,train
0,80,60,175,1,1,0,2,Gingiva & Jaw,/,1,0,0,0,0,1,0,0,1,525931,train
1,58,42.5,148,0,0,0,2,Tongue,0,0,0,0,0,0,1,0,0,0,526818,train
0,49,58,165,1,1,1,2,Gingiva & Jaw,0,0,0,0,0,1,0,0,0,0,526834,train
0,43,77,175,0,0,0,2,Tongue,/,0,0,0,0,0,0,0,0,0,528101,train
0,61,46,162,0,1,0,3,Tongue,/,0,0,0,0,0,0,0,0,0,529202,train
0,64,55,172,1,1,0,2,Gingiva & Jaw,0,0,0,0,1,1,1,0,0,0,529530,valid
1,77,55,/,0,0,0,3,Gingiva & Jaw,/,0,0,0,0,1,1,0,0,0,531478,test
0,36,91,182,0,1,1,3,Gingiva & Jaw,0,0,0,0,0,1,1,0,0,0,531739,train
0,59,52,167,1,0,0,3,Oropharynx & Palate,0,0,0,0,0,1,0,0,0,0,532614,train
1,49,64,152,0,0,0,3,Tongue,0,0,0,0,0,1,1,0,0,0,533025,test
0,55,56,165,1,1,0,3,Gingiva & Jaw,0,0,0,0,0,2,1,0,1,0,533305,train
0,67,55,160,1,1,0,2,Tongue,0,0,1,0,0,1,0,0,0,0,536110,test
0,28,73,168,0,0,0,2,Tongue,0,0,0,0,0,0,0,0,0,0,541618,train
0,56,64,170,0,1,0,2,Tongue,/,0,0,0,0,2,0,0,0,0,543160,train
1,69,55,166,0,0,0,2,Tongue,0,0,1,0,1,1,0,0,0,0,544214,train
1,73,54,158,0,0,0,3,Buccal Mucosa,0,0,0,0,0,1,1,0,0,1,544218,valid
0,58,58,172,1,1,0,2,Tongue,0,0,0,0,0,2,1,1,0,1,545085,train
1,81,64.5,164,0,0,0,3,Gingiva & Jaw,0,1,0,0,1,1,1,0,1,0,545325,train
0,25,82.5,168,0,0,0,2,Tongue,0,0,0,0,0,0,0,0,0,0,546167,valid
0,72,49,165,1,0,0,1,Gingiva & Jaw,/,0,0,0,0,1,1,0,0,0,546547,train
0,53,51,167,0,1,0,2,Gingiva & Jaw,0,0,0,0,0,1,0,0,0,0,546678,train
1,66,61,161,0,0,0,2,Tongue,/,0,0,0,0,0,0,0,0,0,547136,train
1,37,50,155,0,0,0,3,Tongue,0,0,0,0,0,1,0,0,0,0,548457,test
0,68,46.5,156,0,0,0,3,Tongue,/,0,0,0,0,1,0,0,0,1,548468,train
1,56,45,158,0,0,0,2,Tongue,/,1,0,0,1,2,0,0,0,1,548770,train
0,71,60,173,0,0,0,2,Gingiva & Jaw,/,0,0,0,0,0,1,0,0,0,549151,valid
0,56,85,165,1,1,0,3,Other,/,0,0,0,0,0,0,0,0,1,549623,train
0,37,71,161,0,1,0,2,Tongue,0,0,0,0,0,1,0,1,0,0,550055,train
1,48,60,157,0,0,0,2,Tongue,0,0,0,0,0,1,0,0,0,0,550615,train
1,56,59.5,153,0,0,0,3,Tongue,/,0,0,0,0,0,1,0,1,0,551357,valid
0,51,59,168,0,1,0,2,Buccal Mucosa,/,0,0,0,0,0,0,0,0,1,551657,test
1,52,56,163,0,0,0,2,Gingiva & Jaw,0,1,1,0,0,1,1,0,1,1,552419,test
0,43,99,173,1,0,1,3,Gingiva & Jaw,0,0,0,0,1,2,0,0,0,0,553200,train
1,75,37.5,160,0,0,0,2,Gingiva & Jaw,0,0,0,0,1,1,0,0,0,0,554010,train
0,74,55,168,1,1,0,3,Gingiva & Jaw,0,0,0,0,1,1,1,1,0,0,554914,train
0,64,60,168,1,1,0,3,Floor of Mouth,0,1,0,0,1,1,0,1,0,0,555193,train
0,58,51.5,168,0,0,0,3,Tongue,0,0,0,0,0,2,1,0,1,0,555543,test
1,47,53,156,0,0,0,1,Tongue,/,0,0,0,0,0,0,0,0,1,555939,train
0,38,70,162,0,0,0,1,Gingiva & Jaw,0,1,0,0,0,0,0,0,0,1,557187,train
1,63,62,163,0,0,0,2,Tongue,0,0,0,0,0,1,0,0,0,0,558433,train
1,97,45,150,0,0,0,3,Tongue,0,0,0,0,1,1,1,0,0,1,559129,train
1,39,39.5,140,0,0,0,2,Buccal Mucosa,0,0,0,0,0,0,0,0,0,1,559560,train
0,70,56,157,1,1,0,2,Tongue,0,0,0,1,0,0,1,0,1,0,560147,train
0,70,75,171,0,0,0,3,Gingiva & Jaw,/,1,0,0,1,1,0,0,0,0,561424,train
0,62,71,163,1,1,0,2,Tongue,/,0,0,0,0,1,1,0,1,0,564059,test
0,57,67,170,1,1,0,2,Oropharynx & Palate,/,0,0,1,1,0,0,0,0,0,566528,train
0,59,60,170,0,0,0,3,Tongue,0,0,0,0,1,1,0,0,0,0,566860,train
0,78,66,168,1,1,0,3,Buccal Mucosa,/,1,0,0,1,0,1,0,0,0,569176,train
0,67,60,167,0,0,0,2,Tongue,/,0,0,0,0,1,1,0,1,0,569366,train
1,68,52,151,0,0,0,3,Tongue,0,0,0,1,0,2,0,0,0,1,569977,train
1,69,60,160,0,0,0,3,Gingiva & Jaw,/,0,0,0,0,0,0,0,0,1,570153,valid
0,54,72,169,0,0,0,1,Buccal Mucosa,0,1,0,0,1,1,1,0,1,0,570672,train
0,78,43,163,0,0,0,3,Gingiva & Jaw,0,0,0,0,0,0,1,0,0,0,570760,train
1,64,62,/,0,0,0,2,Gingiva & Jaw,/,0,0,0,0,0,0,0,0,1,571692,train
1,71,54,150,0,0,0,2,Gingiva & Jaw,0,1,0,0,1,1,0,0,0,0,572932,test
0,38,72,168,0,1,1,2,Buccal Mucosa,0,0,0,0,0,1,0,0,0,0,573812,train
0,67,37,160,1,1,0,3,Tongue,0,1,0,0,0,1,1,0,0,0,574033,test
0,56,72,170,0,1,0,1,Oropharynx & Palate,0,0,0,0,1,1,0,0,0,0,575127,train
0,74,71,169,0,0,0,3,Buccal Mucosa,/,1,0,0,1,0,0,0,0,0,575209,train
1,70,40,152,0,0,0,2,Tongue,/,0,0,0,0,0,0,0,0,0,575352,train
1,67,43,149,0,0,0,3,Tongue,0,1,0,0,1,1,1,0,1,0,575818,valid
0,52,67,167,0,1,0,2,Other,0,1,0,0,1,0,1,0,1,0,577531,train
1,46,49.5,155,0,0,0,2,Tongue,/,0,0,0,0,0,0,0,0,0,578045,test
1,30,50,163,0,0,0,2,Tongue,0,0,0,0,0,2,0,0,0,0,579363,valid
0,69,55,162,0,1,0,3,Tongue,0,0,0,0,0,1,1,0,0,0,580076,train
0,/,/,/,0,0,0,0,Other,0,0,0,0,0,0,0,0,0,0,583505,train
1,52,55,164,0,0,0,2,Gingiva & Jaw,0,0,0,0,0,2,1,1,1,1,585295,test
1,40,47,155,0,0,0,3,Tongue,/,0,0,0,0,0,0,0,0,0,585478,train
1,50,44,150,1,0,0,2,Gingiva & Jaw,/,0,0,0,0,1,1,0,0,1,586796,valid
0,71,61,170,1,1,0,2,Buccal Mucosa,0,1,0,0,1,1,0,0,0,0,587007,train
0,27,83,177,1,1,1,2,Tongue,0,0,0,0,0,1,1,0,1,0,587831,train
1,46,55,150,0,0,0,0,Tongue,0,0,0,0,0,1,0,0,0,0,588072,train
0,52,51,160,1,1,0,2,Tongue,0,0,0,0,0,1,1,0,1,0,588675,train
1,88,/,/,0,0,0,3,Gingiva & Jaw,0,0,0,1,0,1,1,0,1,0,591296,train
1,72,62,148,0,0,0,4,Tongue,0,0,0,0,1,0,0,0,0,0,591907,train
0,75,60,168,0,0,0,3,Gingiva & Jaw,/,0,0,1,0,0,1,0,0,0,593507,train
0,40,88,177,0,1,0,2,Tongue,0,0,0,0,0,1,0,0,0,0,595033,train
0,71,70,169,0,0,0,2,Buccal Mucosa,0,0,0,0,1,1,1,0,1,0,595037,train
1,63,49,160,0,0,0,1,Tongue,/,0,0,0,0,0,0,0,0,0,595078,train
0,69,59,162,0,1,0,1,Tongue,0,0,1,0,0,1,0,0,0,0,595749,train
0,47,58,170,0,0,0,3,Tongue,0,0,0,0,0,0,0,1,0,1,595835,test
1,68,50,150,0,0,0,2,Tongue,/,0,1,0,0,0,0,0,0,0,596757,train
1,89,48,160,0,0,0,3,Gingiva & Jaw,0,0,0,0,1,0,0,0,0,0,596908,train
0,50,60,164,0,1,0,1,Gingiva & Jaw,0,0,0,0,0,0,0,0,0,0,597445,train
0,60,47.5,160,1,1,0,3,Gingiva & Jaw,0,0,0,0,1,1,1,1,0,0,597967,valid
0,41,68,180,1,1,1,2,Tongue,0,1,0,0,1,2,1,0,1,0,599572,valid
0,39,70,172,0,1,1,2,Gingiva & Jaw,0,0,0,0,0,1,1,0,1,1,600677,train
1,60,56,154,0,0,0,2,Tongue,0,0,0,0,0,1,0,0,0,0,601742,train
0,/,/,/,0,0,0,0,Other,0,0,0,0,0,0,0,0,0,0,601748,train
0,71,49,167,1,1,0,3,Tongue,0,0,0,0,0,1,0,0,0,1,601863,train
1,58,65,160,0,0,0,0,Tongue,0,1,0,0,1,1,0,0,0,0,603613,train
1,54,59,163,0,0,0,2,Tongue,0,0,0,0,0,1,0,0,0,0,603930,train
1,60,53,162,0,0,0,2,Tongue,/,0,0,1,0,1,0,0,0,0,607854,train
0,52,76,173,0,0,0,2,Gingiva & Jaw,0,0,0,0,0,0,0,0,0,0,609064,test
0,59,62,170,1,1,0,2,Tongue,/,1,0,0,0,2,1,1,1,1,609868,train
0,64,65,160,0,0,0,2,Buccal Mucosa,/,0,0,0,0,1,0,0,0,0,611265,valid
0,42,70,178,0,0,0,2,Tongue,0,0,0,0,0,0,0,0,0,0,611720,test
0,49,57,165,0,0,0,2,Tongue,/,0,0,0,0,2,0,0,0,0,611792,train
0,84,64,169,0,0,0,1,Gingiva & Jaw,0,0,0,0,0,1,1,0,1,0,613300,valid
0,47,65,165,0,0,0,2,Tongue,0,0,0,0,0,1,0,0,0,0,613656,train
0,80,48,164,0,1,0,4,Tongue,/,0,0,1,1,1,0,0,0,0,614872,valid
0,62,66,165,1,1,0,3,Tongue,0,1,0,0,1,2,0,1,0,1,615021,valid
1,62,59.5,154,0,0,0,3,Tongue,0,1,1,1,1,0,0,0,0,0,615592,train
0,53,70,175,1,1,0,3,Tongue,0,1,0,0,1,0,0,0,0,0,615645,train
0,50,65,168,0,1,0,2,Tongue,0,0,0,0,0,0,0,0,0,0,616161,train
0,58,71,169,0,0,0,2,Gingiva & Jaw,0,0,0,1,1,0,1,0,0,0,618451,train
0,66,62,170,0,1,0,1,Tongue,0,0,0,0,1,1,0,0,0,0,618951,train
0,63,79.5,171,0,0,0,1,Buccal Mucosa,0,0,0,0,1,1,0,0,0,1,619773,train
0,50,78,169,0,0,1,2,Tongue,0,0,0,0,0,1,1,0,0,0,619788,train
1,84,35,148,0,0,0,3,Gingiva & Jaw,0,0,0,1,0,1,1,0,0,1,621825,train
0,72,53,166,0,0,0,3,Gingiva & Jaw,0,0,0,0,0,0,1,0,1,0,623459,valid
1,60,42.5,158,0,0,0,3,Gingiva & Jaw,0,1,0,0,1,2,0,0,0,1,624332,test
1,65,56,161,0,0,0,2,Gingiva & Jaw,0,1,0,0,0,0,0,0,0,0,625203,train
0,42,52.5,170,0,0,0,2,Tongue,0,0,0,0,0,2,1,0,1,0,625252,valid
0,70,67.5,173,0,1,0,1,Tongue,0,0,0,0,1,1,0,0,0,0,625459,train
0,65,68,172,0,1,0,2,Tongue,0,1,0,0,0,1,1,0,0,0,625568,test
1,67,44,152,0,0,0,2,Tongue,0,0,0,0,0,1,0,0,0,0,625781,train
0,54,59,156,1,1,0,2,Floor of Mouth,0,0,0,0,0,0,0,0,0,0,627363,train
1,60,62.5,158,0,0,0,3,Gingiva & Jaw,0,0,0,0,0,0,1,0,0,0,627692,train
0,41,50,155,0,1,0,3,Tongue,/,0,0,0,0,0,0,0,0,0,629294,train
0,50,70,165,0,1,0,3,Gingiva & Jaw,0,1,0,0,0,2,1,0,1,0,630412,train
1,37,48,155,0,0,0,2,Tongue,0,0,0,0,0,1,1,0,1,0,631140,test
0,73,46.5,/,0,0,0,3,Tongue,0,0,0,0,0,0,0,0,0,0,631207,train
0,33,82,165,0,1,1,2,Tongue,/,0,0,0,0,0,0,0,0,0,631421,train
1,75,49,150,0,0,0,3,Tongue,0,0,0,0,0,1,0,0,0,0,631857,train
0,51,64,165,1,0,0,2,Tongue,0,0,0,0,0,2,0,0,0,0,632485,valid
0,65,44,150,1,1,0,3,Floor of Mouth,0,0,0,0,1,1,0,0,0,0,633316,train
0,69,70,170,1,1,0,3,Gingiva & Jaw,0,0,0,0,0,2,1,0,0,0,634229,train
0,38,82,178,1,1,0,2,Tongue,0,0,0,0,0,2,0,0,0,0,634917,test
0,56,70,167,1,0,0,3,Gingiva & Jaw,0,0,0,0,0,0,1,0,0,0,634960,test
1,62,67,163,0,0,0,2,Tongue,0,0,0,0,0,1,0,0,0,0,635791,train
1,55,49,149,0,0,0,2,Tongue,0,0,0,0,0,1,1,1,1,0,636936,train
0,44,97,172,0,1,0,2,Buccal Mucosa,0,0,0,0,0,1,0,0,0,0,637111,valid
1,71,51,147,0,0,0,3,Tongue,0,0,0,0,1,1,0,0,0,0,637911,train
1,68,77,160,0,0,0,3,Buccal Mucosa,/,0,0,0,0,1,0,0,0,0,639390,valid
0,70,51,158,1,1,0,2,Tongue,0,0,0,0,1,0,0,0,0,0,639773,train
0,83,58,163,0,0,0,3,Buccal Mucosa,0,0,1,0,1,1,1,0,0,0,640561,valid
0,66,65,170,0,0,0,3,Gingiva & Jaw,/,0,0,0,0,1,0,0,0,0,641488,train
1,80,70,166,0,0,0,3,Gingiva & Jaw,0,1,0,1,1,1,0,0,0,0,641620,train
1,66,52,157,0,0,0,1,Tongue,0,0,0,0,1,2,0,0,0,0,641793,train
1,60,66,162,0,0,0,2,Tongue,0,0,0,0,0,0,0,0,0,0,642539,train
0,55,69,160,0,0,0,3,Gingiva & Jaw,0,1,0,0,1,0,1,0,0,0,642549,test
0,62,75,162,0,1,1,2,Gingiva & Jaw,0,0,0,0,0,0,0,0,0,0,644172,valid
0,64,93,174,0,0,0,3,Buccal Mucosa,0,0,0,0,0,1,1,0,1,0,647391,train
1,71,38.5,148,0,0,0,3,Tongue,0,0,0,0,0,1,1,0,1,0,648406,train
1,71,50,150,0,0,0,2,Tongue,0,1,0,0,0,0,0,0,0,1,648791,train
0,46,68,165,0,0,0,3,Tongue,0,0,0,0,0,0,0,0,0,0,650681,train
0,51,65,169,0,1,0,2,Tongue,0,0,0,0,0,2,0,0,0,0,650746,valid
1,46,47,160,0,0,0,1,Tongue,0,1,0,0,0,1,0,0,1,1,651036,train
1,59,55,150,0,0,0,2,Tongue,0,0,0,0,0,0,0,0,0,0,651246,train
1,66,62,158,0,0,0,3,Buccal Mucosa,0,1,0,0,1,1,1,0,0,1,651314,test
0,75,55.5,180,0,1,0,2,Floor of Mouth,0,0,0,0,0,1,1,0,0,0,652253,test
1,51,58,157,0,0,0,2,Gingiva & Jaw,/,0,0,0,0,2,1,0,0,0,653698,test
0,58,74,167,0,0,0,3,Tongue,0,0,0,0,0,1,1,0,1,0,655638,train
1,55,88,160,0,0,0,1,Buccal Mucosa,0,0,0,0,0,2,0,0,0,0,657186,test
0,69,49,168,0,0,0,3,Oropharynx & Palate,/,0,0,0,0,0,0,0,0,1,657603,train
1,58,75,163,0,0,0,3,Buccal Mucosa,0,0,0,0,0,0,1,0,0,0,657905,train
1,86,45.5,145,0,0,0,3,Tongue,0,0,0,0,1,0,0,0,0,0,658127,train
1,63,53,163,0,0,0,3,Tongue,0,0,0,0,0,1,1,0,1,1,659356,train
0,49,57.5,168,0,0,0,1,Gingiva & Jaw,0,0,0,0,1,1,0,0,0,1,659470,train
0,66,56,160,1,1,0,3,Gingiva & Jaw,/,0,0,0,0,2,1,1,0,0,660567,train
1,64,67,160,0,0,0,2,Tongue,0,0,0,0,1,1,0,0,0,0,660757,train
0,49,63,166,0,0,0,1,Tongue,0,0,0,0,0,1,0,0,0,1,662193,train
0,42,65,177,1,1,0,2,Tongue,0,0,0,0,0,1,1,0,0,0,662714,test
0,65,58,179,0,0,0,2,Gingiva & Jaw,0,1,0,0,0,1,1,0,0,1,662768,valid
0,45,42,162,1,1,0,1,Tongue,0,0,0,0,0,2,1,1,0,1,662816,test
0,52,87,176,0,1,0,3,Gingiva & Jaw,0,0,0,0,0,1,1,0,0,0,663027,train
0,46,65,170,0,0,0,2,Tongue,0,0,0,0,0,1,1,0,0,0,663516,train
0,54,55,170,1,1,0,2,Buccal Mucosa,0,0,0,0,0,1,0,0,0,0,663841,train
0,49,78,169,0,1,0,2,Tongue,0,1,0,0,0,1,0,0,0,1,663932,test
1,58,70,165,0,0,0,2,Gingiva & Jaw,0,0,0,0,0,2,1,0,1,0,664532,train
1,66,53,148,0,0,0,3,Gingiva & Jaw,0,0,0,0,0,0,1,0,0,0,665013,valid
0,62,49,170,0,1,0,4,Tongue,0,0,0,0,1,2,0,0,0,1,665420,train
1,55,55,159,0,0,0,3,Gingiva & Jaw,0,0,0,0,0,1,1,0,1,0,665845,test
1,58,57.5,152,0,0,0,0,Gingiva & Jaw,0,0,0,0,0,1,0,0,0,0,665913,train
0,67,70,160,0,0,0,2,Tongue,0,0,0,0,1,2,1,1,0,1,666805,test
0,45,68,170,0,1,0,2,Gingiva & Jaw,0,0,0,0,1,2,1,0,0,0,667907,train
1,77,58,156,0,0,0,3,Gingiva & Jaw,0,1,0,0,1,1,1,0,0,0,667989,train
1,50,35,150,0,0,0,3,Gingiva & Jaw,0,0,0,0,0,1,1,1,1,1,668261,test
0,45,77,180,1,1,1,2,Tongue,/,0,0,0,0,1,0,0,0,0,668361,train
0,30,87,174,0,1,1,3,Tongue,0,0,0,0,0,0,0,0,0,1,669068,valid
1,58,48,157,0,0,0,2,Tongue,0,0,0,0,0,1,0,0,0,0,669372,train
0,79,67,170,1,1,0,1,Tongue,0,0,0,0,0,1,0,0,0,0,669912,train
0,31,65,164,0,0,0,2,Tongue,0,0,0,0,0,0,0,0,0,0,671236,train
0,71,68,175,0,0,0,3,Gingiva & Jaw,0,0,0,0,1,1,0,0,0,1,671480,valid
1,73,49,158,0,0,0,2,Gingiva & Jaw,0,0,0,0,0,0,0,0,0,0,671532,train
0,60,63,173,0,1,0,2,Tongue,0,0,0,0,1,0,0,0,0,0,672134,train
1,70,65,154,0,0,0,3,Gingiva & Jaw,0,0,0,0,0,1,1,0,0,0,672343,train
0,68,63.5,173,0,0,0,3,Gingiva & Jaw,0,0,0,0,0,1,1,0,0,0,675433,train
1,61,66,160,0,0,0,2,Gingiva & Jaw,0,0,0,0,0,1,0,0,0,0,676269,train
1,49,55,153,0,0,0,2,Tongue,0,0,0,0,0,0,1,0,1,0,678350,test
0,74,72,170,0,0,0,3,Gingiva & Jaw,0,1,0,0,1,2,1,0,0,1,679482,valid
0,38,111,183,0,1,1,2,Tongue,0,0,0,0,0,1,0,0,0,0,680456,valid
0,60,84,170,0,1,0,3,Floor of Mouth,0,1,0,1,1,1,1,0,0,0,680517,train
1,75,41,159,0,0,0,4,Other,0,0,1,1,0,1,1,0,0,0,680804,test
0,69,63,167,0,0,0,3,Gingiva & Jaw,0,1,0,0,1,1,1,0,0,0,682069,train
0,48,51,165,0,0,0,2,Gingiva & Jaw,0,0,0,0,0,1,1,0,0,0,682395,train
0,56,64,172,0,1,1,0,Tongue,0,1,0,0,0,2,1,0,1,0,682447,train
1,65,55,160,0,0,0,3,Gingiva & Jaw,0,0,0,0,0,0,1,0,0,1,683728,train
1,55,61,158,0,0,0,2,Tongue,0,0,0,0,0,1,0,0,0,0,685314,train
0,52,51,158,0,0,0,2,Oropharynx & Palate,0,1,0,0,0,1,1,0,0,0,687196,train
1,44,38.5,160,0,0,0,2,Tongue,/,0,0,0,0,1,0,0,0,0,687953,test
0,43,64.5,169,0,1,0,2,Other,0,0,0,0,0,1,0,0,0,0,688557,train
0,76,62,166,0,0,0,0,Gingiva & Jaw,0,0,0,0,0,0,1,0,0,0,688898,train
0,59,49,160,1,1,0,2,Gingiva & Jaw,0,0,0,0,0,1,1,0,0,0,689560,valid
0,64,50,158,0,0,0,2,Floor of Mouth,0,0,0,1,0,1,1,1,0,0,691030,train
1,53,52,157,0,0,0,1,Buccal Mucosa,0,0,0,0,0,0,0,0,0,0,692317,valid
0,51,65,177,0,0,0,2,Tongue,0,0,0,0,0,1,0,0,0,0,694362,train
0,66,50,165,0,0,0,3,Floor of Mouth,/,0,0,0,1,1,1,0,0,0,695410,train
0,35,88,168,0,1,1,2,Tongue,0,0,0,0,0,0,0,0,0,0,697938,train
0,67,62,164,0,1,0,1,Buccal Mucosa,0,0,0,0,0,0,1,0,0,0,698887,train
0,66,62,172,0,0,0,3,Gingiva & Jaw,0,0,0,1,0,0,1,0,1,0,700609,train
0,60,53,172,0,1,0,4,Gingiva & Jaw,/,0,0,0,0,0,1,0,0,1,700719,train
0,55,62,172,1,1,0,3,Tongue,/,1,0,0,0,1,0,1,0,1,700961,test
1,54,56.5,156,0,0,0,2,Tongue,/,0,0,0,0,0,0,0,0,1,701505,train
0,72,57.5,170,0,1,0,1,Oropharynx & Palate,0,0,0,0,0,1,0,0,0,0,702617,train
1,67,72,158,0,0,0,2,Tongue,0,1,0,0,1,0,1,0,1,1,705217,valid
0,37,62,168,1,1,0,2,Tongue,/,0,0,0,0,1,0,0,0,0,705314,test
0,65,59.5,150,0,1,0,2,Tongue,0,0,0,0,1,0,0,0,0,0,706114,train
1,63,55.5,159,0,0,0,1,Gingiva & Jaw,0,0,0,0,0,1,1,0,0,0,706261,train
0,47,65,167,1,1,0,2,Gingiva & Jaw,/,0,0,0,0,1,1,0,0,0,706487,train
0,69,80,168,0,0,0,2,Tongue,/,0,0,0,0,1,1,1,1,0,706504,train
0,56,72,173,0,0,0,3,Tongue,/,0,0,0,1,1,0,0,0,0,708587,train
0,72,67,168,0,0,0,3,Gingiva & Jaw,0,0,0,0,1,1,1,0,0,0,709048,train
0,78,62,163,0,0,0,3,Gingiva & Jaw,0,0,0,0,1,0,0,0,0,0,709803,train
0,56,54,165,1,1,0,2,Tongue,0,0,0,0,0,1,1,0,0,1,711121,train
1,63,53,155,0,0,0,3,Tongue,0,1,0,0,0,0,0,0,0,0,711474,valid
0,/,/,/,0,0,0,0,Other,0,0,0,0,0,2,0,0,0,0,711533,train
0,57,57,162,0,0,0,2,Gingiva & Jaw,0,0,0,0,0,2,0,0,0,0,711693,test
0,48,66,178,0,0,0,2,Floor of Mouth,0,0,0,0,0,0,0,0,0,0,712300,train
0,65,62,168,1,1,0,2,Floor of Mouth,/,0,0,0,0,0,0,0,0,0,712316,train
1,69,48,155,0,0,0,1,Tongue,0,1,0,0,0,1,1,0,1,0,712347,train
0,37,68,175,1,1,1,2,Gingiva & Jaw,0,1,0,0,0,1,0,1,0,0,712480,valid
0,67,59,169,0,0,0,3,Tongue,0,0,0,0,0,1,0,0,0,0,712957,train
1,46,50,160,0,0,0,0,Gingiva & Jaw,0,0,0,0,0,1,1,0,0,0,713649,train
1,68,52,165,0,0,0,2,Tongue,0,0,0,0,0,2,1,0,1,0,714076,valid
0,42,80,183,1,1,0,2,Oropharynx & Palate,0,0,0,0,0,0,1,0,0,0,714087,train
1,72,44,153,0,0,0,3,Tongue,0,0,1,0,0,2,0,0,0,0,714374,test
1,71,45,155,0,0,0,3,Tongue,0,0,0,1,0,0,0,0,0,0,716700,test
0,66,62.5,165,1,1,0,3,Tongue,0,0,0,0,0,1,1,0,1,0,717209,train
0,49,75,171,0,0,0,2,Gingiva & Jaw,0,1,0,0,0,1,0,0,0,1,719634,train
0,30,104,170,0,0,0,2,Tongue,0,0,0,0,0,1,0,0,0,0,719761,valid
1,57,68,161,0,0,0,2,Tongue,0,1,0,0,1,1,0,0,0,1,720262,train
1,46,65,150,0,0,0,2,Tongue,/,0,0,0,0,1,0,0,0,0,720487,train
0,55,80,160,1,1,0,2,Gingiva & Jaw,0,0,0,0,0,0,1,0,0,1,720866,train
0,75,63,170,0,0,0,3,Gingiva & Jaw,0,0,0,0,0,0,1,0,0,0,721630,train
0,57,72,172,0,0,0,3,Buccal Mucosa,0,0,0,0,1,1,0,0,0,0,721986,test
1,72,49.5,156,0,0,0,3,Gingiva & Jaw,0,0,0,0,1,1,1,0,0,0,722958,train
1,50,63,150,0,0,0,2,Tongue,0,0,0,0,0,1,0,0,0,0,724380,train
1,67,46,150,0,0,0,3,Tongue,0,1,0,0,0,0,1,0,0,0,725378,valid
1,66,51,158,0,0,0,3,Gingiva & Jaw,0,1,0,0,1,1,0,0,0,1,728441,test
0,51,69.5,170,0,0,0,2,Gingiva & Jaw,0,0,0,0,1,1,0,0,1,1,730890,train
0,59,59,162,0,1,0,2,Buccal Mucosa,0,0,0,0,0,1,0,0,0,0,731560,train
1,64,45,152,0,0,0,0,Gingiva & Jaw,0,1,0,0,0,0,1,0,0,0,731588,test
1,73,55,150,0,0,0,2,Tongue,/,1,0,0,1,1,1,0,0,0,732432,valid
0,47,54,167,0,0,0,2,Gingiva & Jaw,/,0,0,0,0,0,0,0,0,0,732517,train
0,21,51,169,0,1,1,2,Tongue,0,0,0,0,0,1,0,0,0,0,732636,train
1,53,66,158,0,0,0,3,Tongue,0,0,0,0,0,0,0,1,0,1,732945,train
1,60,57,152,0,0,0,1,Tongue,0,0,0,0,0,1,0,0,0,0,733293,train
0,68,69,166,0,0,0,2,Buccal Mucosa,0,1,0,0,0,0,0,0,0,0,733295,valid
1,48,45,155,0,0,0,3,Tongue,0,0,0,0,0,1,0,0,0,0,733578,train
0,45,76,165,0,1,1,2,Tongue,0,0,0,0,0,1,0,0,0,1,733673,test
1,52,58,/,0,0,0,2,Buccal Mucosa,/,0,0,0,0,2,0,0,0,0,734086,train
1,68,40,156,0,0,0,3,Tongue,0,0,0,0,0,1,0,0,0,0,734239,valid
0,58,55,162,0,1,0,2,Tongue,/,0,0,0,0,0,0,0,0,0,734860,train
1,63,48,155,0,0,0,2,Tongue,0,0,0,0,0,1,0,0,0,0,735392,train
1,54,52,156,0,0,0,2,Tongue,0,0,0,0,0,1,0,0,0,0,735593,train
0,64,60,162,0,0,0,1,Other,0,1,0,0,0,1,1,0,1,0,735921,train
0,61,60.5,160,0,1,0,2,Oropharynx & Palate,0,0,0,0,0,0,0,0,0,0,736104,train
0,47,89,177,1,1,1,2,Tongue,0,0,0,0,0,0,1,0,0,0,736278,train
0,53,75,173,1,1,0,2,Oropharynx & Palate,0,0,0,0,1,0,1,0,0,0,736727,train
0,47,72,170,0,1,0,3,Gingiva & Jaw,0,0,0,0,0,0,0,0,0,0,737822,valid
0,84,58,177,0,1,0,3,Tongue,0,1,0,1,1,0,0,0,0,0,739426,train
0,28,82,178,1,1,0,2,Tongue,/,0,0,0,0,0,0,0,0,0,739543,train
1,83,50,156,0,0,0,4,Tongue,0,0,0,0,0,1,1,0,1,0,739595,test
0,81,56,170,0,0,0,3,Gingiva & Jaw,/,0,0,1,0,1,1,0,0,0,739868,train
1,73,54,155,0,0,0,3,Gingiva & Jaw,/,0,0,1,1,0,1,0,0,1,740602,train
0,/,/,/,0,0,0,0,Other,0,0,0,0,0,1,0,0,0,0,740685,train
0,82,55,150,1,1,0,3,Oropharynx & Palate,0,1,0,1,1,0,1,0,1,0,740883,train
0,50,77,168,1,1,1,1,Buccal Mucosa,0,0,0,0,1,1,1,0,1,0,741847,test
1,97,40.5,141,0,0,0,3,Buccal Mucosa,0,1,0,0,1,1,0,0,0,1,743259,train
1,82,63,160,0,0,0,3,Buccal Mucosa,0,1,1,0,1,0,0,0,0,0,743446,train
0,77,48,165,0,0,0,3,Tongue,0,0,0,0,0,0,1,0,0,1,744451,valid
0,69,55.5,152,0,0,0,2,Buccal Mucosa,0,0,0,0,0,1,0,0,0,1,744485,test
0,51,61,158,1,1,0,2,Tongue,0,0,0,0,0,1,1,0,1,0,744754,train
0,80,68,168,0,0,0,3,Tongue,0,0,0,0,0,1,0,0,0,0,744855,train
0,56,55,169,1,1,0,2,Gingiva & Jaw,0,0,0,0,0,1,1,0,0,0,746961,train
1,64,51,125,0,0,0,2,Tongue,0,0,0,0,1,2,1,0,1,0,748281,train
1,49,49,157.5,0,0,0,3,Tongue,/,0,0,0,0,1,0,0,0,0,749109,train
0,54,90,168,0,0,0,2,Tongue,0,0,0,0,0,1,0,0,0,0,750381,train
0,55,57,170,1,0,1,4,Tongue,0,0,0,1,0,1,0,0,0,1,751142,train
0,56,55,162,0,1,0,3,Floor of Mouth,/,0,0,0,0,0,1,1,0,0,752026,valid
0,49,49,169,0,0,0,2,Gingiva & Jaw,0,0,0,0,0,2,1,0,0,0,752168,train
0,60,60,163,0,0,0,2,Oropharynx & Palate,/,0,0,0,1,0,0,0,0,0,752996,valid
0,61,54,169,0,0,0,3,Gingiva & Jaw,0,0,0,0,0,1,1,1,0,0,753015,train
0,69,48,156,0,1,0,2,Gingiva & Jaw,0,0,0,0,0,2,1,0,0,0,753401,test
0,48,60,180,0,0,0,0,Tongue,/,0,0,0,0,1,0,0,0,0,754665,valid
1,70,55.5,156,0,0,0,3,Gingiva & Jaw,0,0,0,0,1,1,1,0,0,1,757641,train
1,79,59,148,0,0,0,3,Gingiva & Jaw,0,0,0,0,0,1,1,0,0,0,760798,train
1,77,44.5,150,0,0,0,2,Gingiva & Jaw,0,1,1,1,1,1,0,0,0,1,762419,train
0,66,60,162,0,1,0,3,Gingiva & Jaw,0,0,0,0,1,1,1,1,1,0,762477,train
1,73,59,156,0,0,0,1,Buccal Mucosa,0,0,0,0,0,0,1,0,0,0,763552,train
0,66,74,170,0,1,0,3,Gingiva & Jaw,/,0,0,0,0,1,0,0,0,0,764056,train
1,66,52,/,0,0,0,3,Buccal Mucosa,/,1,0,0,1,0,0,0,0,0,764884,train
0,69,68,168,0,0,0,3,Oropharynx & Palate,0,1,0,0,1,0,0,0,0,1,765233,train
0,57,63,168,0,1,0,3,Tongue,0,0,0,0,1,1,0,0,0,0,765284,valid
1,78,58,159,0,0,0,2,Tongue,0,0,0,0,0,1,0,0,0,0,765752,train
0,67,55,167,0,0,0,2,Buccal Mucosa,0,0,0,0,0,0,0,0,0,0,766007,train
1,75,50,156,0,0,0,1,Gingiva & Jaw,0,1,0,0,1,1,1,0,0,0,767022,train
0,39,67,178,0,0,0,2,Tongue,/,0,0,0,0,0,0,0,0,0,767136,train
1,58,65,162,0,0,0,2,Tongue,0,0,0,0,1,0,1,0,0,0,767664,train
1,42,38,156,0,0,0,3,Tongue,0,0,0,0,0,1,1,1,1,0,769947,valid
0,35,78,180,0,0,0,3,Tongue,0,0,0,0,0,0,0,0,0,0,770442,train
0,36,82,175,1,1,0,2,Gingiva & Jaw,0,0,0,0,0,0,1,0,0,0,774914,test
0,24,65,170,0,1,0,1,Tongue,0,0,0,0,0,1,0,0,0,0,776727,valid
1,53,48,160,0,0,0,2,Gingiva & Jaw,0,0,0,0,0,0,0,0,0,0,776867,train
0,53,66,161,0,1,1,2,Tongue,0,0,0,0,0,1,0,0,0,1,777442,train
1,48,49,153,0,0,0,0,Tongue,0,0,0,0,0,2,0,0,0,0,777597,valid
0,50,50,163,0,1,0,2,Tongue,0,0,0,0,0,1,0,0,1,1,777995,test
0,60,65,166,1,0,0,1,Gingiva & Jaw,0,0,0,0,1,2,1,0,1,1,778405,test
1,65,65,154,0,0,0,3,Gingiva & Jaw,0,1,0,0,1,1,1,0,0,1,779262,valid
0,87,70,165,0,0,0,2,Buccal Mucosa,/,0,0,1,0,2,0,0,0,1,781408,test
0,41,48,168,0,0,0,1,Tongue,0,0,0,0,0,0,0,0,0,1,782011,train
0,74,70,168,0,1,0,3,Buccal Mucosa,0,1,0,0,1,1,1,0,0,1,782815,test
1,32,52,151,0,0,0,2,Tongue,0,0,0,0,0,0,0,0,0,0,783249,train
0,41,63,171,0,0,0,2,Buccal Mucosa,0,0,0,0,0,0,0,0,0,0,783327,test
0,52,69,173,0,1,0,2,Buccal Mucosa,0,0,0,0,0,1,1,0,0,0,784310,valid
0,67,56,167,0,1,0,3,Tongue,0,1,0,0,0,1,0,0,0,0,784844,train
0,65,42,156,1,1,0,2,Oropharynx & Palate,0,0,1,1,0,1,0,0,0,0,785524,train
0,77,52,163,0,0,0,3,Tongue,0,0,0,0,0,0,0,0,0,0,786295,train
1,53,57,150,0,0,0,3,Gingiva & Jaw,0,0,0,0,0,1,1,0,0,1,787850,train
0,42,85.5,178,0,0,1,3,Tongue,/,0,0,0,0,0,0,0,0,1,788124,train
1,84,50,150,0,0,0,4,Buccal Mucosa,0,0,0,1,0,1,1,0,0,0,788988,train
0,64,42,150,1,1,1,3,Oropharynx & Palate,0,0,0,0,0,0,1,0,1,0,791274,train
0,58,60,167,0,1,0,2,Tongue,0,0,0,0,0,1,0,0,0,0,791416,train
0,75,65,170,1,1,0,3,Buccal Mucosa,0,0,0,0,1,1,1,1,0,0,791526,train
0,49,64,166,0,1,1,1,Gingiva & Jaw,0,0,0,0,0,1,1,0,0,1,791711,train
0,63,49,172,0,0,0,3,Buccal Mucosa,0,0,0,0,0,0,0,0,0,1,791908,train
1,78,59,156,0,0,0,1,Gingiva & Jaw,0,0,0,0,1,1,0,0,0,0,792183,train
0,73,65,168,1,0,0,3,Tongue,0,0,0,1,0,1,0,0,0,0,792518,train
1,64,66.5,158,0,0,0,3,Tongue,0,0,0,0,1,0,0,0,0,0,793369,train
0,63,57,163,0,1,0,0,Tongue,0,0,0,0,0,1,0,0,0,0,794405,train
0,85,60,/,0,0,0,3,Tongue,0,0,0,1,1,1,1,0,1,0,794659,train
0,41,78,173,1,1,1,2,Buccal Mucosa,0,0,0,0,0,0,0,0,0,0,794772,train
0,57,50.5,/,0,1,0,2,Gingiva & Jaw,/,0,0,0,0,0,0,0,0,0,795762,test
0,52,60,160,1,0,0,2,Tongue,0,1,0,0,0,1,0,1,0,1,797011,train
0,65,63,168,1,1,0,3,Tongue,/,0,0,0,0,1,1,0,0,1,799009,test
0,48,59,165,0,1,1,2,Tongue,0,0,0,0,0,1,0,0,0,1,799015,train
0,54,70,160,0,0,0,2,Buccal Mucosa,0,0,0,0,0,1,1,0,1,0,799189,train
0,67,80,174,1,1,0,3,Gingiva & Jaw,0,1,1,0,1,1,1,0,1,0,804623,train
0,66,64,161,0,0,0,3,Gingiva & Jaw,0,1,0,0,0,2,1,0,0,0,804929,train
0,36,64,165,0,0,0,2,Tongue,0,0,0,0,0,1,1,0,1,1,805971,train
0,62,58,170,0,1,0,3,Tongue,0,1,0,0,0,1,1,0,0,0,809695,valid
1,41,44,163,0,0,0,1,Tongue,0,0,0,0,0,0,0,0,0,0,810004,test
1,71,44,155,0,0,0,3,Gingiva & Jaw,0,0,0,0,0,1,1,0,0,0,811407,train
0,66,55,167,0,1,0,3,Oropharynx & Palate,/,0,0,0,0,1,1,0,0,0,814054,train
0,35,58,171,0,0,0,2,Oropharynx & Palate,/,0,0,0,0,1,1,0,0,0,814135,train
0,47,66,170,1,1,0,2,Buccal Mucosa,0,0,0,0,0,1,0,0,0,0,814848,train
0,66,58,165,0,1,0,3,Tongue,0,0,0,0,0,0,0,0,0,0,815226,train
0,47,73,172,0,1,0,2,Tongue,/,0,0,0,0,1,0,0,0,0,815947,train
1,55,58,160,0,0,0,3,Gingiva & Jaw,/,1,1,0,1,1,1,0,1,1,816369,valid
0,64,73,160,0,1,0,3,Tongue,0,0,0,0,1,1,1,1,0,0,817255,train
1,62,50,158,0,0,0,2,Tongue,0,0,0,0,0,0,0,0,0,0,817277,valid
0,62,58,167,0,1,0,2,Tongue,0,0,1,0,1,1,1,0,0,0,820106,train
1,60,50,155,0,0,0,2,Gingiva & Jaw,0,0,0,1,0,1,1,0,0,0,821159,test
1,53,55,159,0,0,0,0,Tongue,0,0,0,0,0,0,0,0,0,0,821472,train
0,56,90,176,0,0,0,1,Gingiva & Jaw,/,0,0,0,0,0,1,0,0,0,821872,train
1,42,58.5,156,0,0,0,2,Tongue,0,0,0,0,0,0,0,0,0,0,822258,train
0,50,65,164,0,0,0,3,Tongue,0,1,0,0,0,1,0,0,0,0,823182,train
0,62,61.5,169,0,0,0,2,Gingiva & Jaw,0,0,0,0,1,1,1,0,0,0,823645,train
0,34,68,170,0,0,0,2,Gingiva & Jaw,0,0,0,0,0,0,1,0,0,1,826463,test
0,63,73,/,0,1,0,2,Tongue,/,0,0,0,1,0,0,0,0,0,826580,test
1,73,47,159,0,0,0,3,Gingiva & Jaw,0,0,0,0,0,0,1,0,0,1,826871,train
1,66,68,162,0,0,0,3,Gingiva & Jaw,0,0,0,0,1,0,0,0,0,0,826957,test
0,55,67,165,0,1,0,3,Gingiva & Jaw,0,0,0,0,0,1,1,0,1,1,827680,train
1,58,40,157,0,0,0,3,Tongue,0,0,1,0,0,0,1,0,0,0,827912,valid
0,55,67.5,169,1,1,0,3,Tongue,0,0,0,0,0,2,1,0,1,0,827979,train
1,76,45,155,0,0,0,2,Tongue,0,0,0,0,1,1,0,0,0,0,829465,test
0,70,61.5,172,1,1,0,2,Tongue,/,0,0,0,1,0,1,0,0,0,829783,test
1,62,55,153,0,0,0,2,Tongue,/,0,0,0,0,2,0,0,0,1,830720,train
0,42,72,168,1,1,0,3,Tongue,0,0,0,0,0,0,0,0,0,0,830830,valid
0,38,50,160,0,0,0,2,Tongue,0,0,0,0,0,0,0,0,0,0,831861,train
0,44,80,173,0,0,0,2,Tongue,0,0,0,0,0,1,0,0,0,0,832721,train
0,62,77.5,165,0,1,0,3,Tongue,0,0,0,0,0,1,0,0,0,0,833180,train
0,58,84,198,0,0,0,1,Tongue,/,0,0,0,0,1,1,1,1,1,834229,train
0,40,65,173,0,0,0,3,Other,0,0,0,0,0,0,1,0,0,1,834306,valid
0,56,53,169,0,1,0,3,Gingiva & Jaw,/,0,0,0,0,0,1,0,0,0,835208,test
0,62,70,168,0,0,0,3,Buccal Mucosa,0,0,0,0,0,0,1,0,0,0,836169,test
0,59,65.5,164,0,0,0,2,Gingiva & Jaw,/,0,0,0,0,0,1,0,0,0,836631,train
0,33,90,177,0,1,0,2,Gingiva & Jaw,0,0,0,0,0,1,0,0,0,0,836695,test
0,45,103,176,1,1,0,1,Floor of Mouth,0,0,0,0,0,0,0,0,0,0,836826,test
0,78,48,160,0,1,0,2,Gingiva & Jaw,0,0,0,0,0,2,1,0,0,0,838170,train
0,32,95,170,0,0,0,2,Tongue,0,0,0,0,0,0,0,0,0,0,838234,train
1,65,60,150,0,0,0,3,Buccal Mucosa,0,1,0,1,1,1,0,0,0,0,838260,test
0,74,65.5,160,0,0,0,3,Tongue,0,0,0,1,1,2,1,0,1,0,838676,train
0,77,60,163,0,1,0,3,Buccal Mucosa,/,0,0,0,0,1,0,0,0,0,838803,train
1,54,44,157,0,0,0,2,Tongue,/,0,0,0,0,1,1,0,1,0,839537,train
0,47,62,175,0,1,0,2,Tongue,0,0,0,0,0,0,0,0,0,0,839643,valid
1,68,69,168,0,0,0,2,Gingiva & Jaw,0,0,0,0,1,1,1,0,1,0,842194,train
0,59,75,175,1,1,0,3,Tongue,0,1,0,1,1,1,0,1,0,0,842368,train
0,56,59,165,0,1,0,3,Tongue,0,0,0,0,1,1,1,0,0,1,843464,train
1,56,56.5,156,0,0,0,4,Gingiva & Jaw,0,0,0,0,0,1,1,0,0,0,844132,valid
0,51,55,175,1,1,0,2,Tongue,/,0,0,0,0,0,0,0,0,0,844219,test
0,68,78,170,0,0,0,2,Tongue,0,0,0,0,0,1,1,1,0,0,845276,valid
1,53,54,156,0,0,0,1,Gingiva & Jaw,0,0,0,0,0,1,0,0,0,1,846039,train
0,49,68,171,1,0,0,2,Tongue,/,0,0,0,0,0,0,0,0,0,846258,valid
0,47,66,169,1,1,0,2,Gingiva & Jaw,0,0,0,0,0,0,0,0,0,0,847010,train
0,58,72,169,0,1,1,3,Gingiva & Jaw,0,0,0,0,0,1,0,0,0,0,848346,train
1,36,54,154,0,0,0,1,Tongue,0,0,0,0,0,1,0,0,0,0,849385,valid
0,40,57.5,173,1,1,0,2,Tongue,0,0,0,0,0,2,0,0,0,0,849574,valid
0,58,67,164,0,0,0,3,Tongue,/,0,0,0,0,0,1,0,0,0,849609,train
0,60,56,172,1,1,0,3,Tongue,0,0,0,0,0,1,0,0,0,0,849649,train
1,70,55,156,0,0,0,3,Gingiva & Jaw,0,0,0,0,0,1,1,0,0,0,851054,train
0,54,47.5,160,0,1,0,2,Tongue,0,0,0,0,0,1,1,0,1,0,851788,train
0,39,80,166,0,0,0,2,Tongue,0,0,0,0,0,1,1,0,1,0,851878,train
1,62,52,158,0,0,0,2,Tongue,0,0,0,0,1,2,1,0,1,0,854030,train
0,63,68,168,1,1,0,0,Buccal Mucosa,0,0,0,0,1,1,0,0,0,0,855546,test
1,29,50,165,0,0,0,2,Tongue,0,0,0,0,0,1,1,1,1,0,856812,train
0,53,58,164,0,0,0,3,Tongue,0,0,0,0,0,1,0,0,0,0,856973,train
0,63,59,170,0,1,0,2,Tongue,0,0,0,0,0,1,0,0,0,0,857859,train
1,56,61.5,167,0,0,0,2,Gingiva & Jaw,0,0,0,0,0,0,1,0,0,0,858790,train
0,60,56,173,0,1,0,3,Tongue,0,0,0,0,0,2,1,1,1,0,859197,train
1,53,40,158,0,0,0,3,Tongue,0,0,0,0,0,0,0,0,0,0,861370,train
1,47,85,159,0,0,0,0,Tongue,0,0,0,0,0,0,0,0,0,0,861909,train
0,56,64,164,1,1,1,2,Buccal Mucosa,0,0,0,1,0,1,0,0,0,0,862684,valid
0,72,52.5,150,0,0,0,1,Oropharynx & Palate,0,0,0,0,1,1,0,0,0,0,862696,train
0,56,70,167,0,1,1,3,Gingiva & Jaw,0,0,0,0,1,1,1,0,0,0,864912,train
0,21,69,183,0,0,0,2,Gingiva & Jaw,0,0,0,0,0,1,1,0,0,0,865096,test
1,70,70,149,0,0,0,3,Tongue,0,0,0,0,1,0,0,0,0,0,865351,train
0,48,53,168,1,1,0,3,Floor of Mouth,/,1,0,0,0,1,0,0,0,0,865805,train
0,63,55,168,0,0,0,2,Gingiva & Jaw,/,0,0,0,0,0,0,0,0,0,867158,train
0,35,72,175,1,1,1,2,Tongue,0,0,0,0,0,1,0,0,0,0,868287,valid
0,78,50,164,0,1,0,2,Oropharynx & Palate,0,0,0,0,0,1,0,0,0,0,869167,train
0,51,51,160,1,1,0,2,Oropharynx & Palate,0,0,0,0,0,1,0,0,0,0,869647,train
1,53,69,159,0,0,0,2,Tongue,0,0,0,0,0,0,0,0,0,0,870163,train
1,63,63,158,0,0,0,3,Buccal Mucosa,0,0,0,0,1,0,0,0,0,0,870255,valid
1,57,63,157,0,0,0,2,Gingiva & Jaw,0,0,0,1,1,1,0,0,0,0,870408,train
0,35,67.5,172,1,1,0,2,Tongue,0,0,0,0,0,1,1,0,1,1,870500,train
0,68,52,169,0,1,0,3,Tongue,0,0,0,0,0,1,0,0,0,0,870601,train
0,58,77,170,1,1,1,1,Tongue,/,0,0,0,0,0,0,0,0,0,874023,train
0,76,50,156,0,0,0,2,Gingiva & Jaw,0,0,0,0,0,0,1,0,0,0,874349,train
0,43,54.5,170,1,1,1,2,Tongue,0,0,0,0,0,2,0,0,0,0,876147,train
0,55,68.5,162,1,1,0,0,Tongue,0,1,0,0,1,0,0,0,0,0,876507,train
0,51,83,170,1,1,0,2,Tongue,0,0,0,0,1,1,0,0,0,0,878128,train
0,51,58.5,118,0,1,0,2,Oropharynx & Palate,0,0,0,0,0,1,1,0,1,0,878351,train
0,39,86,180,0,1,0,2,Tongue,/,0,0,0,0,2,0,0,0,0,878430,train
1,63,48,152,0,0,0,2,Gingiva & Jaw,0,0,0,0,0,0,1,0,0,0,878565,valid
1,70,61,150,0,0,0,2,Tongue,0,0,0,0,0,1,0,0,0,0,879049,test
1,76,40.5,150,0,0,0,3,Tongue,0,0,0,0,1,0,0,0,0,0,880899,valid
1,48,91,152,0,0,0,2,Tongue,0,0,0,0,0,1,0,0,0,0,881693,train
0,73,59.5,164,1,1,0,2,Oropharynx & Palate,0,0,0,0,0,0,1,0,0,0,883250,train
0,30,88,170,1,0,0,2,Tongue,0,1,0,0,0,2,1,0,1,0,883383,train
0,55,79,173,1,1,0,2,Gingiva & Jaw,/,0,0,0,0,0,1,0,0,0,884950,train
0,67,55,170,1,1,0,2,Gingiva & Jaw,0,0,0,0,0,2,1,0,0,0,885440,train
0,63,57,171,1,1,0,2,Tongue,0,0,0,0,0,0,1,0,1,0,886128,train
0,65,57,167,0,0,0,1,Tongue,0,0,0,0,0,1,1,0,1,0,886491,valid
1,62,55.5,150,0,0,0,3,Buccal Mucosa,/,0,0,0,0,1,0,0,0,0,886562,test
0,69,55,170,0,1,0,2,Tongue,0,0,1,0,1,1,0,0,0,1,887331,train
1,62,50,150,0,0,0,2,Gingiva & Jaw,0,0,0,0,0,1,0,0,0,0,887472,train
0,78,61,169,0,1,0,3,Gingiva & Jaw,0,0,0,1,1,1,0,0,0,0,890378,test
0,55,69,171,0,0,0,2,Tongue,0,1,0,0,0,0,0,1,0,0,890700,test
0,57,63.5,172,0,0,0,3,Tongue,0,0,0,0,0,0,0,0,0,0,890750,train
1,53,52.5,153,0,0,0,2,Tongue,0,0,0,0,0,1,0,0,0,0,891786,train
0,50,44.5,160,1,1,0,0,Tongue,0,0,0,0,0,0,1,0,1,0,892589,test
0,51,59,165,1,1,0,3,Other,0,0,0,0,0,1,1,0,0,0,892670,train
1,72,47,160,0,0,0,2,Other,/,0,0,0,1,0,1,0,0,0,894287,train
0,40,65,160,1,1,0,2,Tongue,0,0,0,0,0,2,0,0,0,0,895247,train
0,56,56,160,0,0,0,3,Gingiva & Jaw,0,0,0,0,0,1,1,0,0,0,895419,train
0,56,70,170,1,1,0,2,Gingiva & Jaw,0,1,0,0,0,0,1,0,0,0,896870,train
0,67,71,168,0,0,0,3,Tongue,0,0,0,0,0,1,0,0,0,0,898667,train
0,64,70,168,0,1,0,3,Tongue,0,0,0,0,0,0,1,0,0,0,900910,train
0,36,77,180,0,0,0,3,Tongue,/,0,0,0,0,1,0,0,0,1,901202,valid
1,59,50.5,150,0,0,0,2,Tongue,0,0,0,0,0,0,1,1,1,0,901653,train
1,70,58,156,0,0,0,4,Oropharynx & Palate,0,1,0,0,1,1,1,0,0,0,902228,test
0,36,99,184,0,1,0,2,Tongue,0,0,0,0,0,1,0,0,0,1,902762,train
1,66,45,152,0,0,0,4,Gingiva & Jaw,/,0,0,0,1,0,1,0,0,0,902797,train
0,52,71,160,0,0,0,3,Tongue,0,0,0,0,0,2,1,0,1,0,903201,train
0,92,61,173,0,0,0,4,Gingiva & Jaw,/,0,0,1,1,0,1,0,1,0,903771,train
0,53,63,168,1,1,0,2,Tongue,0,1,0,0,1,1,0,1,0,0,905262,train
0,55,56,168,0,0,0,2,Tongue,0,0,0,0,0,0,1,0,1,0,905528,train
0,80,50,162,0,0,0,3,Tongue,0,0,0,0,1,0,1,0,0,0,906030,train
0,64,64,163,0,1,0,1,Gingiva & Jaw,/,0,0,0,0,1,0,0,0,0,906784,train
1,52,56,165,0,0,0,0,Tongue,0,0,0,0,0,1,0,1,0,0,907343,test
1,52,56,153,0,0,0,1,Gingiva & Jaw,0,1,0,0,1,1,0,0,0,1,909230,train
0,62,50,165,1,1,0,3,Oropharynx & Palate,0,0,0,0,0,2,1,0,0,0,909747,train
0,72,60,163,0,0,0,2,Tongue,/,0,0,0,0,0,0,0,0,0,910893,train
1,56,46.5,154,0,0,0,1,Oropharynx & Palate,0,0,0,1,0,1,1,0,1,0,911102,test
1,54,60,158,0,0,0,2,Tongue,0,0,0,0,0,0,1,1,0,0,912755,train
1,33,54,160,0,0,0,2,Tongue,0,0,0,0,0,0,0,0,0,1,913319,valid
0,58,58,165,1,1,0,3,Gingiva & Jaw,0,0,0,0,0,1,1,0,0,1,913622,valid
0,70,58,162,0,0,0,1,Tongue,0,0,0,0,0,1,0,0,0,0,913740,train
0,52,50,131,0,1,0,1,Tongue,0,0,0,0,0,0,0,0,0,0,914031,valid
0,59,64,169,0,0,0,2,Tongue,0,0,0,0,0,1,1,0,0,0,914918,test
1,40,53,160,0,0,0,2,Tongue,0,0,0,0,0,2,0,0,0,1,915561,train
0,22,83,180,1,1,1,2,Tongue,0,0,0,0,0,0,0,0,0,0,916092,test
0,45,64,173,1,1,0,2,Tongue,0,0,0,0,0,1,0,0,0,0,916962,train
1,64,46,159,0,0,0,2,Tongue,0,0,0,0,0,0,0,0,0,0,917019,test
1,48,50,160,0,0,0,0,Tongue,0,0,0,0,0,1,0,0,0,0,917188,test
1,68,67,167,0,0,0,3,Tongue,0,0,0,0,0,1,0,0,0,0,917299,train
0,62,63,173,0,1,0,3,Gingiva & Jaw,0,0,0,1,1,1,0,0,0,0,917521,train
1,56,43,153,0,0,0,2,Gingiva & Jaw,0,0,0,0,0,0,1,0,0,0,917595,train
0,79,54,163,1,1,0,3,Buccal Mucosa,0,0,1,1,0,1,0,0,0,0,917947,test
0,63,65,172,0,0,0,3,Gingiva & Jaw,0,0,0,0,0,2,1,0,0,0,918423,train
1,38,41,150,0,0,0,2,Tongue,0,0,0,0,0,0,0,0,0,0,919360,train
1,55,56,154,0,0,0,2,Tongue,0,0,0,0,0,2,0,0,0,0,920289,train
1,88,40,158,0,0,0,3,Buccal Mucosa,/,0,0,0,0,0,1,0,0,0,921079,valid
1,62,56,155,0,0,0,2,Tongue,0,0,0,0,0,0,0,0,0,0,924085,test
0,45,59,170,0,1,0,2,Gingiva & Jaw,0,0,0,0,0,1,1,0,0,1,926645,train
1,56,56.5,160,0,0,0,0,Oropharynx & Palate,0,0,1,0,0,1,0,0,0,0,926810,test
1,71,50,155,0,0,0,3,Gingiva & Jaw,/,0,0,0,0,2,1,0,0,0,927660,train
0,61,65,170,0,1,0,0,Tongue,0,0,0,0,0,1,0,0,0,0,927932,train
0,65,69,165,0,0,0,3,Buccal Mucosa,0,0,0,0,0,0,0,0,0,0,928257,train
1,83,58.5,163,0,0,0,3,Tongue,/,0,0,0,0,0,0,0,0,1,930438,valid
0,76,78,168,1,0,0,1,Other,/,1,0,0,1,2,0,0,0,0,930906,train
0,53,63,163,1,1,0,2,Tongue,/,0,0,0,0,2,1,0,1,1,931707,train
0,53,46,160,0,0,0,3,Tongue,/,0,0,0,0,2,1,0,1,0,931945,valid
1,41,53,/,0,0,0,2,Tongue,/,0,0,0,0,1,0,1,0,0,933192,train
0,55,58,168,1,1,0,2,Tongue,0,1,0,0,0,1,0,0,0,0,933488,train
0,64,62,170,0,0,0,1,Gingiva & Jaw,0,1,0,0,1,1,1,0,1,1,933821,train
0,61,61,166,0,0,0,1,Gingiva & Jaw,0,0,0,0,0,1,1,0,1,1,933965,test
0,52,70,171,0,0,0,2,Gingiva & Jaw,0,0,0,0,0,0,1,0,0,0,934973,train
0,70,62,162,0,1,0,3,Tongue,0,0,0,0,0,1,1,0,0,0,935164,valid
1,65,46.5,160,0,0,0,2,Tongue,0,0,0,0,0,1,1,0,1,0,935270,train
0,57,68.5,168,0,1,0,3,Buccal Mucosa,0,1,0,0,0,0,1,0,0,0,936834,train
0,55,68,165,0,1,0,2,Oropharynx & Palate,/,0,0,0,0,0,0,0,0,0,937846,valid
1,57,69.5,165,0,0,0,2,Gingiva & Jaw,/,0,0,0,0,1,0,0,0,0,938516,valid
0,56,50,158,1,1,0,2,Gingiva & Jaw,0,0,0,0,0,1,1,0,1,1,940783,train
0,44,60,165,1,1,0,2,Tongue,/,0,0,1,0,0,1,0,0,0,941280,train
0,54,54,155,1,1,0,3,Tongue,0,1,0,1,1,2,0,0,0,0,941802,train
0,66,66,165,0,1,0,2,Gingiva & Jaw,0,0,0,0,0,1,1,0,0,0,942500,train
0,66,68,168,0,1,0,3,Buccal Mucosa,/,0,0,0,0,1,0,0,0,0,942678,train
1,80,55,145,0,0,0,2,Tongue,0,0,0,0,0,2,0,0,0,0,943821,train
0,57,74,173,0,0,0,2,Gingiva & Jaw,0,0,0,0,1,0,0,0,0,1,944479,train
1,70,49,148,0,0,0,3,Tongue,0,0,0,1,0,0,0,0,0,0,944666,train
0,67,73,178,1,1,0,4,Floor of Mouth,0,0,0,1,1,1,1,0,0,0,944841,train
0,34,62,163,1,1,1,3,Tongue,0,0,0,0,0,2,1,0,1,0,944861,train
0,38,85,164,0,1,1,2,Oropharynx & Palate,0,0,0,0,0,0,1,0,0,0,944912,train
1,52,55,148,0,0,0,2,Gingiva & Jaw,0,0,0,0,0,2,1,0,0,0,945042,test
0,75,58.3,162,0,1,0,2,Tongue,0,0,0,0,0,0,0,0,0,0,945739,train
0,46,61,167,1,1,0,3,Gingiva & Jaw,/,0,0,0,0,0,0,0,0,0,945989,train
0,57,52,160,0,0,0,3,Tongue,0,0,0,0,0,1,0,1,0,0,946134,train
0,65,64,175,1,0,0,2,Gingiva & Jaw,/,0,0,0,0,0,1,0,0,0,946560,test
0,53,53,165,0,1,0,1,Other,0,0,0,0,0,2,1,1,1,0,946875,train
1,64,46,148,0,0,0,1,Gingiva & Jaw,0,0,0,0,0,1,1,0,0,1,947960,test
0,80,38.5,145,0,0,0,2,Tongue,/,0,0,0,0,1,0,0,0,0,948330,train
1,54,55,160,1,1,0,1,Buccal Mucosa,0,0,0,0,0,0,1,0,1,0,949779,valid
0,40,80,166,0,0,0,2,Tongue,0,0,0,0,0,1,1,0,1,1,949823,test
0,40,74,168,0,1,1,2,Gingiva & Jaw,0,0,0,0,0,1,0,0,0,0,952148,train
0,75,66,168,0,1,0,2,Tongue,0,0,0,0,0,1,0,0,0,0,952225,train
0,80,80,171,0,0,0,3,Gingiva & Jaw,/,0,0,0,1,1,0,0,0,0,952796,test
0,68,61,163,0,0,0,3,Gingiva & Jaw,0,0,0,0,1,1,1,1,1,1,952918,train
0,48,79,175,0,0,0,0,Tongue,0,0,0,0,0,1,0,0,0,0,953938,train
1,62,43,141,0,0,0,2,Oropharynx & Palate,0,0,0,0,0,1,0,0,0,0,954048,train
0,62,80,172,1,1,0,3,Tongue,/,0,0,0,1,0,0,0,0,0,954220,train
0,51,48,160,1,1,0,3,Gingiva & Jaw,0,0,0,0,0,1,1,0,0,1,954615,train
0,81,58,160,0,0,0,2,Tongue,0,0,0,0,0,1,1,0,0,0,956074,train
1,74,58,155,0,0,0,2,Buccal Mucosa,0,0,0,0,0,0,0,0,0,0,957361,train
0,49,72,175,1,0,0,2,Tongue,0,1,0,0,0,1,0,0,0,0,958273,train
0,73,67,160,0,1,0,1,Tongue,0,0,0,0,0,0,1,1,1,0,959986,valid
0,52,69,176,1,1,0,2,Tongue,0,1,0,0,0,2,0,1,0,0,960489,train
0,71,60,170,0,1,0,3,Gingiva & Jaw,0,0,0,0,0,0,1,0,0,0,961426,test
1,86,42,149,0,0,0,4,Tongue,0,1,0,1,1,2,0,0,0,0,961482,test
0,45,55,165,0,1,0,2,Tongue,0,0,0,0,0,1,0,0,0,0,961564,train
0,72,65,165,0,0,0,3,Gingiva & Jaw,/,0,0,1,0,2,1,0,0,0,961593,valid
1,27,49.5,160,0,0,0,1,Tongue,0,0,0,0,0,1,0,0,0,0,962080,train
1,59,56,155,0,0,0,2,Tongue,/,0,0,0,0,0,0,0,0,0,962838,train
1,57,65,160,0,0,0,2,Tongue,0,0,0,0,0,0,0,0,0,0,963080,train
1,56,70,159,0,0,0,2,Buccal Mucosa,0,0,0,0,0,1,0,0,0,0,963098,train
0,47,57,177,0,0,0,2,Buccal Mucosa,0,0,0,0,0,1,1,0,0,1,963937,train
1,54,45,155,0,0,0,3,Gingiva & Jaw,0,0,0,0,0,1,1,0,1,0,964363,test
1,30,40,158,0,0,0,3,Tongue,0,0,0,0,0,1,1,0,1,1,964666,valid
1,28,43.5,161,0,0,0,2,Tongue,/,0,0,0,0,0,0,0,0,0,964850,train
0,69,51,168,0,1,0,2,Tongue,0,0,0,0,0,1,0,0,0,0,966177,test
0,40,59,170,1,1,0,2,Tongue,0,0,0,0,0,0,0,0,0,0,967048,train
1,69,55,158,0,0,0,3,Gingiva & Jaw,0,0,0,0,0,1,1,0,0,0,967594,valid
0,43,76,168,1,1,0,3,Tongue,0,0,0,0,0,0,1,0,0,0,967710,train
0,34,49,173,1,1,1,2,Tongue,/,0,0,0,0,1,0,0,0,0,967922,valid
0,46,80,173,0,0,0,2,Gingiva & Jaw,0,0,0,0,0,2,1,0,0,0,968235,train
0,59,57.5,163,1,1,1,3,Tongue,/,0,0,1,0,1,0,0,0,1,969533,train
1,68,42,151,0,0,0,3,Gingiva & Jaw,0,0,0,0,0,0,1,0,1,0,971397,train
0,42,53,167,0,1,0,3,Tongue,/,0,0,0,0,0,1,0,0,0,973359,train
1,29,55,160,0,0,0,2,Tongue,/,0,0,0,0,1,0,0,0,0,976552,valid
1,57,62,165,0,1,0,2,Tongue,0,0,0,0,0,1,1,0,0,0,978099,train
0,30,48,178,0,0,0,2,Tongue,0,0,0,0,0,1,0,0,0,0,978147,train
0,61,71.5,175,0,0,0,1,Tongue,0,0,0,0,0,0,0,0,0,1,978564,train
0,58,63,167,1,1,0,2,Tongue,0,0,0,0,0,1,1,0,1,0,979112,train
0,30,61.5,165,0,1,0,2,Gingiva & Jaw,0,0,0,0,0,1,1,0,1,0,979281,train
0,38,71,177,0,1,0,2,Tongue,0,0,0,0,0,0,1,1,0,0,979673,test
1,73,53,156,0,0,0,2,Oropharynx & Palate,0,0,0,0,1,1,0,0,0,0,980968,train
1,48,62,161,0,0,0,2,Tongue,0,0,0,0,0,0,1,0,0,0,981209,train
0,58,85,175,1,0,0,2,Buccal Mucosa,0,0,0,0,0,0,0,0,0,0,982012,train
0,41,74,169,0,0,0,2,Tongue,0,0,0,0,0,1,0,0,0,0,982483,train
0,67,55,165,1,1,0,2,Gingiva & Jaw,0,0,0,0,0,1,0,0,0,1,982625,train
1,47,46,153,0,0,0,2,Oropharynx & Palate,/,0,0,0,0,2,0,0,0,0,982648,train
1,66,48,157,0,0,0,3,Gingiva & Jaw,0,1,0,0,0,1,1,0,0,0,983839,train
0,65,68,178,1,1,0,3,Tongue,0,0,0,0,1,2,0,0,0,0,984024,test
0,58,68,163,0,1,0,2,Oropharynx & Palate,0,0,0,0,1,1,1,1,0,1,985697,test
0,87,47.5,165,0,0,0,3,Gingiva & Jaw,/,0,0,1,1,0,0,0,0,0,987613,train
0,74,72,172,1,1,0,2,Tongue,/,0,0,0,0,0,0,0,0,0,988751,train
0,76,53,163,1,0,0,2,Gingiva & Jaw,0,0,0,0,1,1,1,0,0,1,990677,train
1,62,60,156,0,0,0,3,Buccal Mucosa,0,1,0,0,0,2,1,0,1,0,991413,train
0,83,52,170,0,0,0,1,Tongue,0,0,0,0,0,1,1,0,1,0,991615,valid
0,51,69.5,166,0,1,0,2,Oropharynx & Palate,0,0,0,0,0,2,0,1,0,0,992479,train
0,67,64,167,1,1,0,3,Gingiva & Jaw,0,0,0,0,1,0,0,0,0,0,992902,train
1,27,48,160,0,0,0,2,Tongue,0,0,0,0,0,0,0,0,0,0,994009,train
1,64,64,163,0,0,0,2,Buccal Mucosa,0,1,0,0,1,0,1,0,0,0,995027,train
0,46,54,175,0,1,0,3,Buccal Mucosa,0,0,1,0,0,1,1,0,1,1,995422,train
0,43,58,175,0,0,0,2,Tongue,0,0,0,0,0,0,0,0,0,0,995672,train
0,77,59,160,1,1,0,3,Gingiva & Jaw,0,0,0,0,1,1,1,0,0,0,995900,train
0,26,58,168,0,0,0,3,Tongue,0,0,0,1,0,1,1,0,0,0,996428,train
1,34,38,150,0,0,0,2,Tongue,0,0,0,0,0,2,1,0,1,1,998601,test
1,58,59,157,0,0,0,3,Gingiva & Jaw,0,0,0,1,0,1,1,0,0,0,999428,train
